OPPORTUNITY_TK,VERSION,DATE_FROM,DATE_TO,OPPORTUNITY_ID,OPPORTUNITY_NAME,OPPORTUNITY_CREATED_BY,OPPORTUNITY_DELETED,OPPORTUNITY_DESCRIPTION,OPPORTUNITY_TYPE,OPPORTUNITY_LEAD_SOURCE,OPPORTUNITY_NEXT_STEPS,OPPORTUNITY_SALES_STAGE
0,1,1900/01/01 00:00:00.000000000,2200/01/01 00:00:00.000000000,N/A,Not Set,Not Set,No,Not Set,Not Set,Not Set,Not Set,Not Set
1,1,1900/01/01 00:00:00.000000000,2200/01/01 00:00:00.000000000,81BDB319-ACD1-B6A6-B007-B764447F04E5,Curabitur Vel Institute-837,Not Set,No,Not Set,Existing Business,Partner,Not Set,Identifying Decision Makers
2,1,1900/01/01 00:00:00.000000000,2200/01/01 00:00:00.000000000,5426C896-F978-314A-62F6-292552F2EC73,Sollicitudin Commodo Ltd-335,Not Set,No,Not Set,Existing Business,Direct Mail,Not Set,Qualification
3,1,1900/01/01 00:00:00.000000000,2200/01/01 00:00:00.000000000,F5DC05B3-3C0F-B1F1-279F-27C0BA1240B9,Ridiculus Mus LLP-296,Not Set,No,Not Set,Existing Business,Campaign,Not Set,Qualification
4,1,1900/01/01 00:00:00.000000000,2200/01/01 00:00:00.000000000,004C986D-959E-7655-2960-B5AED8CA40A0,Facilisi Sed Inc.-960,Not Set,No,Not Set,New Business,Direct Mail,Not Set,Closed Won
5,1,1900/01/01 00:00:00.000000000,2200/01/01 00:00:00.000000000,D5C023D7-671D-B0BE-218D-3C6B49ADDAE9,Mauris Company-986,Not Set,No,Not Set,Existing Business,Partner,Not Set,Qualification
6,1,1900/01/01 00:00:00.000000000,2200/01/01 00:00:00.000000000,0A7FF603-0FE6-2683-5109-72E22C8CBD26,Fringilla Est Inc.-670,Not Set,No,Not Set,Existing Business,Web Site,Not Set,Value Proposition
7,1,1900/01/01 00:00:00.000000000,2200/01/01 00:00:00.000000000,BFE5BD56-6955-03DC-EB6E-3006D77402FC,Nascetur Ridiculus Mus Institute-649,Not Set,No,Not Set,Existing Business,Conference,Not Set,Qualification
8,1,1900/01/01 00:00:00.000000000,2200/01/01 00:00:00.000000000,770462A4-BC38-C844-100F-0E4DFCA61E08,Dapibus Gravida Company-239,Not Set,No,Not Set,New Business,Campaign,Not Set,Negotiation/Review
9,1,1900/01/01 00:00:00.000000000,2200/01/01 00:00:00.000000000,EEE84087-73A4-B1DC-4B29-2CAE59718AC3,Ac Feugiat Non Incorporated-158,Not Set,No,Not Set,New Business,Web Site,Not Set,Negotiation/Review
10,1,1900/01/01 00:00:00.000000000,2200/01/01 00:00:00.000000000,93F7C8F8-835A-84CC-AC3D-F087CA09734E,Posuere Vulputate Corporation-995,Not Set,No,Not Set,New Business,Public Relations,Not Set,Proposal/Price Quote
11,1,1900/01/01 00:00:00.000000000,2200/01/01 00:00:00.000000000,AC59ECB3-73B4-DADD-234D-8A17E54C193C,Sapien Aenean Ltd-517,Not Set,No,Not Set,Existing Business,Direct Mail,Not Set,Identifying Decision Makers
12,1,1900/01/01 00:00:00.000000000,2200/01/01 00:00:00.000000000,98EEC690-E8BC-F6AF-07A0-AFA7647CDBFF,Pellentesque LLP-244,Not Set,No,Not Set,Existing Business,Existing Customer,Not Set,Qualification
13,1,1900/01/01 00:00:00.000000000,2200/01/01 00:00:00.000000000,8A69AB7E-1757-9E62-E986-0FDA54190756,Et Eros Proin Company-864,Not Set,No,Not Set,New Business,Trade Show,Not Set,Prospecting
14,1,1900/01/01 00:00:00.000000000,2200/01/01 00:00:00.000000000,21F69D2D-257F-F280-9940-2EB3C892FD3A,Auctor Non Feugiat Ltd-398,Not Set,No,Not Set,Existing Business,Self Generated,Not Set,Perception Analysis
15,1,1900/01/01 00:00:00.000000000,2200/01/01 00:00:00.000000000,6A4AEDDA-19EC-B50A-1DAC-E3EB81A0545D,Parturient Montes PC-741,Not Set,No,Not Set,Existing Business,Public Relations,Not Set,Closed Lost
16,1,1900/01/01 00:00:00.000000000,2200/01/01 00:00:00.000000000,604F08EA-F505-7C5D-112D-C061A01598D1,Sociosqu Ad Company-651,Not Set,No,Not Set,Existing Business,Word of mouth,Not Set,Prospecting
17,1,1900/01/01 00:00:00.000000000,2200/01/01 00:00:00.000000000,A731D406-3029-D99C-E5BE-6436475669CA,Sapien Molestie Foundation-258,Not Set,No,Not Set,New Business,Conference,Not Set,Prospecting
18,1,1900/01/01 00:00:00.000000000,2200/01/01 00:00:00.000000000,29818709-51E4-94C9-E1BB-9744C8B3DE4E,Auctor Non Feugiat Ltd-881,Not Set,No,Not Set,Existing Business,Partner,Not Set,Value Proposition
19,1,1900/01/01 00:00:00.000000000,2200/01/01 00:00:00.000000000,339D86F7-541F-0E5E-4F3C-2E19EC1D6171,Sollicitudin Commodo Ltd-653,Not Set,No,Not Set,New Business,Public Relations,Not Set,Closed Lost
20,1,1900/01/01 00:00:00.000000000,2200/01/01 00:00:00.000000000,F5670FCF-BFAD-712A-4510-33CC0A101A8C,Est Ltd-806,Not Set,No,Not Set,Existing Business,Direct Mail,Not Set,Qualification
21,1,1900/01/01 00:00:00.000000000,2200/01/01 00:00:00.000000000,C42EED19-86EB-EF50-6FF3-F634622D6A74,Vestibulum Massa Consulting-840,Not Set,No,Not Set,Existing Business,Direct Mail,Not Set,Needs Analysis
22,1,1900/01/01 00:00:00.000000000,2200/01/01 00:00:00.000000000,6B67A3D1-0932-D0F2-0729-850F0BC709EC,Eget Institute-645,Not Set,No,Not Set,New Business,Conference,Not Set,Value Proposition
23,1,1900/01/01 00:00:00.000000000,2200/01/01 00:00:00.000000000,23A2CF38-B65D-DCFA-C64B-96DA100D06B0,Luctus Et Corp.-747,Not Set,No,Not Set,New Business,Other,Not Set,Identifying Decision Makers
24,1,1900/01/01 00:00:00.000000000,2200/01/01 00:00:00.000000000,E21BD6A9-B671-3C6C-A588-600E0B0A12F6,Scelerisque Lorem Inc.-642,Not Set,No,Not Set,New Business,Word of mouth,Not Set,Qualification
25,1,1900/01/01 00:00:00.000000000,2200/01/01 00:00:00.000000000,492CFE51-F44C-CAF5-6A69-B0082C72D848,Vestibulum Nec LLC-170,Not Set,No,Not Set,Existing Business,Email,Not Set,Qualification
26,1,1900/01/01 00:00:00.000000000,2200/01/01 00:00:00.000000000,BA703609-C5B1-1614-E6F2-1EC2A8F65ED7,Velit Dui Semper Institute-136,Not Set,No,Not Set,Existing Business,Trade Show,Not Set,Closed Lost
27,1,1900/01/01 00:00:00.000000000,2200/01/01 00:00:00.000000000,50765570-68D1-9EAF-FF55-C885234352D1,Sapien Molestie Foundation-171,Not Set,No,Not Set,New Business,Campaign,Not Set,Prospecting
28,1,1900/01/01 00:00:00.000000000,2200/01/01 00:00:00.000000000,0B2A9CE9-B41D-771B-3BB8-2011E48EFA2C,Et Limited-515,Not Set,No,Not Set,New Business,Web Site,Not Set,Closed Won
29,1,1900/01/01 00:00:00.000000000,2200/01/01 00:00:00.000000000,17233F3C-800F-061B-EAE7-6EEDA9982082,Fringilla Est Inc.-571,Not Set,No,Not Set,Existing Business,Word of mouth,Not Set,Prospecting
30,1,1900/01/01 00:00:00.000000000,2200/01/01 00:00:00.000000000,E1AD6FC3-0138-A782-3AF4-E0CC01C106D3,Ac Nulla LLP-923,Not Set,No,Not Set,Existing Business,Conference,Not Set,Identifying Decision Makers
31,1,1900/01/01 00:00:00.000000000,2200/01/01 00:00:00.000000000,480954FA-FA09-7FB5-FDDE-43DFEC8957FA,Ac Nulla LLP-741,Not Set,No,Not Set,New Business,Campaign,Not Set,Negotiation/Review
32,1,1900/01/01 00:00:00.000000000,2200/01/01 00:00:00.000000000,25127821-E974-F077-8310-6F41E84293FE,Odio Corp.-112,Not Set,No,Not Set,New Business,Employee,Not Set,Identifying Decision Makers
33,1,1900/01/01 00:00:00.000000000,2200/01/01 00:00:00.000000000,49072450-0705-D8C8-D47E-E8E1FE9BFAAF,Velit Ltd-368,Not Set,No,Not Set,New Business,Email,Not Set,Negotiation/Review
34,1,1900/01/01 00:00:00.000000000,2200/01/01 00:00:00.000000000,900BF764-2DD6-B88F-E8C5-5D3DB26F2065,Urna Nec Institute-793,Not Set,No,Not Set,New Business,Trade Show,Not Set,Closed Won
35,1,1900/01/01 00:00:00.000000000,2200/01/01 00:00:00.000000000,F7085103-C600-1F27-9DF8-33425E9B308C,Sapien Molestie Foundation-942,Not Set,No,Not Set,Existing Business,Word of mouth,Not Set,Value Proposition
36,1,1900/01/01 00:00:00.000000000,2200/01/01 00:00:00.000000000,BF83F700-E89D-6F08-9801-950EE9E2361C,Ligula Associates-916,Not Set,No,Not Set,New Business,Conference,Not Set,Qualification
37,1,1900/01/01 00:00:00.000000000,2200/01/01 00:00:00.000000000,9B7E6477-98AC-85B0-E35D-D5CBF33AD69D,Vestibulum Nec LLC-484,Not Set,No,Not Set,Existing Business,Campaign,Not Set,Perception Analysis
38,1,1900/01/01 00:00:00.000000000,2200/01/01 00:00:00.000000000,F63F0249-7BD9-49BF-E23B-B169B308B05E,Urna Convallis Erat Incorporated-818,Not Set,No,Not Set,New Business,Trade Show,Not Set,Proposal/Price Quote
39,1,1900/01/01 00:00:00.000000000,2200/01/01 00:00:00.000000000,5B89F8D3-2B15-D4A5-9028-F55DF1AE47B8,Risus In Mi Foundation-172,Not Set,No,Not Set,New Business,Public Relations,Not Set,Perception Analysis
40,1,1900/01/01 00:00:00.000000000,2200/01/01 00:00:00.000000000,A0C05E61-8A71-83DD-B1F6-72978F952275,Felis Company-684,Not Set,No,Not Set,Existing Business,Self Generated,Not Set,Prospecting
41,1,1900/01/01 00:00:00.000000000,2200/01/01 00:00:00.000000000,45C7D354-8A6E-8B46-3524-D95E992AA021,Dapibus Gravida Company-982,Not Set,No,Not Set,Existing Business,Campaign,Not Set,Identifying Decision Makers
42,1,1900/01/01 00:00:00.000000000,2200/01/01 00:00:00.000000000,7C3844E2-BAA4-95E8-38E5-4CEF38555DCA,Molestie Orci Tincidunt Limited-355,Not Set,No,Not Set,New Business,Cold Call,Not Set,Proposal/Price Quote
43,1,1900/01/01 00:00:00.000000000,2200/01/01 00:00:00.000000000,74E040A3-EFB3-DA0E-0302-127E12138F17,Ac Nulla LLP-854,Not Set,No,Not Set,Existing Business,Campaign,Not Set,Value Proposition
44,1,1900/01/01 00:00:00.000000000,2200/01/01 00:00:00.000000000,2908A140-B4F7-C4C2-322C-A606667BDBEB,Mauris Company-592,Not Set,No,Not Set,New Business,Partner,Not Set,Negotiation/Review
45,1,1900/01/01 00:00:00.000000000,2200/01/01 00:00:00.000000000,2DBC64E5-AC1C-5E1C-3345-49D1C162D0A6,Ante Ipsum Primis Consulting-315,Not Set,No,Not Set,Existing Business,Cold Call,Not Set,Negotiation/Review
46,1,1900/01/01 00:00:00.000000000,2200/01/01 00:00:00.000000000,200E29BB-CB93-F74E-C6DF-EB2F3A5CE548,Sem Corp.-620,Not Set,No,Not Set,New Business,Direct Mail,Not Set,Perception Analysis
47,1,1900/01/01 00:00:00.000000000,2200/01/01 00:00:00.000000000,5360EC8E-A9B5-36BD-AF75-57F0CD4CFDD8,Scelerisque Limited-751,Not Set,No,Not Set,Existing Business,Email,Not Set,Perception Analysis
48,1,1900/01/01 00:00:00.000000000,2200/01/01 00:00:00.000000000,4AE4BF6F-794D-7A3F-7723-E92763083BDC,Dictum Magna Ut LLC-502,Not Set,No,Not Set,New Business,Direct Mail,Not Set,Proposal/Price Quote
49,1,1900/01/01 00:00:00.000000000,2200/01/01 00:00:00.000000000,0C0AD150-3320-FE4E-202F-53BE7E836749,Facilisi Sed Inc.-324,Not Set,No,Not Set,Existing Business,Word of mouth,Not Set,Perception Analysis
50,1,1900/01/01 00:00:00.000000000,2200/01/01 00:00:00.000000000,98C69CAB-E2DB-C039-2670-1E3D505FDC96,Dapibus Gravida Company-876,Not Set,No,Not Set,Existing Business,Self Generated,Not Set,Prospecting
51,1,1900/01/01 00:00:00.000000000,2200/01/01 00:00:00.000000000,2771EBC0-164E-335A-CE6B-C28030C2C45A,Purus Maecenas Ltd-838,Not Set,No,Not Set,New Business,Word of mouth,Not Set,Prospecting
52,1,1900/01/01 00:00:00.000000000,2200/01/01 00:00:00.000000000,7860448E-6662-F50A-D4D4-9114BCDC10CB,Et Corp.-389,Not Set,No,Not Set,New Business,Partner,Not Set,Qualification
53,1,1900/01/01 00:00:00.000000000,2200/01/01 00:00:00.000000000,5A17A293-3406-64B6-3FC2-4E52EDEEBE63,Sapien Molestie Foundation-597,Not Set,No,Not Set,Existing Business,Partner,Not Set,Qualification
54,1,1900/01/01 00:00:00.000000000,2200/01/01 00:00:00.000000000,F30FC34E-8F30-E15B-29B9-9A81E056F293,Facilisis Vitae Inc.-119,Not Set,No,Not Set,New Business,Direct Mail,Not Set,Negotiation/Review
55,1,1900/01/01 00:00:00.000000000,2200/01/01 00:00:00.000000000,6405FA38-0D71-5666-83E7-F660188A557B,Vel Turpis Institute-350,Not Set,No,Not Set,Existing Business,Trade Show,Not Set,Proposal/Price Quote
56,1,1900/01/01 00:00:00.000000000,2200/01/01 00:00:00.000000000,7CB08741-6C7E-6169-7F8A-30B387BCAFAD,Donec Nibh Enim Industries-853,Not Set,No,Not Set,Existing Business,Other,Not Set,Value Proposition
57,1,1900/01/01 00:00:00.000000000,2200/01/01 00:00:00.000000000,5B536058-7DC8-4CEA-C48B-CB94F9F56A85,Fringilla Porttitor Vulputate Foundation-804,Not Set,No,Not Set,Existing Business,Cold Call,Not Set,Perception Analysis
58,1,1900/01/01 00:00:00.000000000,2200/01/01 00:00:00.000000000,DE032CC6-8FBB-8122-6D6E-9489D4BC6B3A,Bibendum Fermentum Metus Corporation-940,Not Set,No,Not Set,Existing Business,Self Generated,Not Set,Perception Analysis
59,1,1900/01/01 00:00:00.000000000,2200/01/01 00:00:00.000000000,01A3C356-FB3C-40DA-2B60-7C3F404EE479,Mauris Rhoncus Institute-641,Not Set,No,Not Set,New Business,Self Generated,Not Set,Negotiation/Review
60,1,1900/01/01 00:00:00.000000000,2200/01/01 00:00:00.000000000,394CBBC8-5F38-3508-7E11-053ABC2FBF15,Sapien Molestie Foundation-420,Not Set,No,Not Set,New Business,Existing Customer,Not Set,Closed Lost
61,1,1900/01/01 00:00:00.000000000,2200/01/01 00:00:00.000000000,A4A03F5A-22DC-B9DF-176D-CFFFA1E6F13C,Scelerisque Lorem Inc.-149,Not Set,No,Not Set,Existing Business,Self Generated,Not Set,Identifying Decision Makers
62,1,1900/01/01 00:00:00.000000000,2200/01/01 00:00:00.000000000,A0DA808E-E1C4-50DD-01FF-6C1308F3DF3F,Mauris Company-292,Not Set,No,Not Set,Existing Business,Self Generated,Not Set,Needs Analysis
63,1,1900/01/01 00:00:00.000000000,2200/01/01 00:00:00.000000000,1BA6C1FF-45CC-9F39-63A6-D839765853CC,Ante Ipsum Primis Consulting-940,Not Set,No,Not Set,New Business,Direct Mail,Not Set,Proposal/Price Quote
64,1,1900/01/01 00:00:00.000000000,2200/01/01 00:00:00.000000000,F331AE1F-AC20-D0BA-E7D9-CBC7449CCD5F,At Sem Molestie Ltd-693,Not Set,No,Not Set,Existing Business,Email,Not Set,Closed Lost
65,1,1900/01/01 00:00:00.000000000,2200/01/01 00:00:00.000000000,B203DF5F-7A62-8639-94CC-70CF0601CD9C,Libero Donec Consectetuer LLP-902,Not Set,No,Not Set,Existing Business,Cold Call,Not Set,Needs Analysis
66,1,1900/01/01 00:00:00.000000000,2200/01/01 00:00:00.000000000,0CD172D3-F955-EE30-18EE-FF088FAB65DB,Curabitur Vel Institute-618,Not Set,No,Not Set,Existing Business,Cold Call,Not Set,Qualification
67,1,1900/01/01 00:00:00.000000000,2200/01/01 00:00:00.000000000,91D33963-4CB0-4DF1-C9EC-549811E30FDA,Luctus Et Corp.-724,Not Set,No,Not Set,Existing Business,Web Site,Not Set,Value Proposition
68,1,1900/01/01 00:00:00.000000000,2200/01/01 00:00:00.000000000,7B62F361-5404-35DC-A3FF-D3746E25FFC8,Ornare Sagittis LLC-251,Not Set,No,Not Set,Existing Business,Partner,Not Set,Closed Won
69,1,1900/01/01 00:00:00.000000000,2200/01/01 00:00:00.000000000,2DE15CC5-016A-446E-EB96-E252BFA757E6,Pellentesque Ut LLC-317,Not Set,No,Not Set,Existing Business,Word of mouth,Not Set,Perception Analysis
70,1,1900/01/01 00:00:00.000000000,2200/01/01 00:00:00.000000000,263AFA5A-2EEC-0DF6-83AF-2C07A02F8157,Curabitur Vel Institute-497,Not Set,No,Not Set,Existing Business,Employee,Not Set,Negotiation/Review
71,1,1900/01/01 00:00:00.000000000,2200/01/01 00:00:00.000000000,4027395C-843D-7C5D-7A8D-22139E8AC2DE,Pellentesque LLP-164,Not Set,No,Not Set,Existing Business,Web Site,Not Set,Negotiation/Review
72,1,1900/01/01 00:00:00.000000000,2200/01/01 00:00:00.000000000,F9B7E2E9-51A3-B99E-280F-8D9605892E0E,Id Associates-358,Not Set,No,Not Set,New Business,Public Relations,Not Set,Identifying Decision Makers
73,1,1900/01/01 00:00:00.000000000,2200/01/01 00:00:00.000000000,F4F9B864-615B-C6C0-16AA-37A00A5935A7,Enim Mauris Quis LLP-853,Not Set,No,Not Set,Existing Business,Public Relations,Not Set,Prospecting
74,1,1900/01/01 00:00:00.000000000,2200/01/01 00:00:00.000000000,07BE3599-A943-5BF0-8896-D4EBFCA40790,Et Corp.-306,Not Set,No,Not Set,New Business,Campaign,Not Set,Closed Won
75,1,1900/01/01 00:00:00.000000000,2200/01/01 00:00:00.000000000,4AAD2258-6296-190F-1DBE-CE22DFA47995,Ante Ipsum Incorporated-359,Not Set,No,Not Set,New Business,Employee,Not Set,Qualification
76,1,1900/01/01 00:00:00.000000000,2200/01/01 00:00:00.000000000,3DCA2932-82C8-E0C3-A24A-9F57EE4AFC0A,Scelerisque Scelerisque Dui Industries-478,Not Set,No,Not Set,New Business,Employee,Not Set,Closed Lost
77,1,1900/01/01 00:00:00.000000000,2200/01/01 00:00:00.000000000,9EE94498-15C1-2296-4D37-25D360337264,Odio Aliquam Vulputate Corp.-556,Not Set,No,Not Set,New Business,Conference,Not Set,Identifying Decision Makers
78,1,1900/01/01 00:00:00.000000000,2200/01/01 00:00:00.000000000,709A6488-3C2F-0EBD-D0AB-A8D5F0338270,Sapien Aenean Ltd-599,Not Set,No,Not Set,New Business,Employee,Not Set,Proposal/Price Quote
79,1,1900/01/01 00:00:00.000000000,2200/01/01 00:00:00.000000000,D4C3BEDB-85EC-618A-1EAC-7C1400AF1D4F,Eget Institute-701,Not Set,No,Not Set,New Business,Partner,Not Set,Needs Analysis
80,1,1900/01/01 00:00:00.000000000,2200/01/01 00:00:00.000000000,B81023D9-BCF7-A78F-563D-0B1FD963F94E,Velit Ltd-329,Not Set,No,Not Set,Existing Business,Web Site,Not Set,Prospecting
81,1,1900/01/01 00:00:00.000000000,2200/01/01 00:00:00.000000000,CED4DE71-4C8A-58EB-4FF5-FE712956015D,Ac Feugiat Non Incorporated-481,Not Set,No,Not Set,Existing Business,Direct Mail,Not Set,Negotiation/Review
82,1,1900/01/01 00:00:00.000000000,2200/01/01 00:00:00.000000000,2548248A-986D-3FAC-E289-92F08D626CA6,Mauris Rhoncus Institute-589,Not Set,No,Not Set,New Business,Direct Mail,Not Set,Negotiation/Review
83,1,1900/01/01 00:00:00.000000000,2200/01/01 00:00:00.000000000,2378A81D-962B-702E-EC11-BC81ED3D24D6,Odio Corp.-887,Not Set,No,Not Set,Existing Business,Partner,Not Set,Closed Lost
84,1,1900/01/01 00:00:00.000000000,2200/01/01 00:00:00.000000000,85246C3C-F391-D6C4-EDF1-4FBCDAD9EDE1,Mollis Integer LLP-111,Not Set,No,Not Set,Existing Business,Cold Call,Not Set,Needs Analysis
85,1,1900/01/01 00:00:00.000000000,2200/01/01 00:00:00.000000000,A24CC7AF-1F9E-A731-6250-3F816E1665AE,Ante Ipsum Primis Consulting-802,Not Set,No,Not Set,Existing Business,Employee,Not Set,Negotiation/Review
86,1,1900/01/01 00:00:00.000000000,2200/01/01 00:00:00.000000000,9C147D83-C543-3DE8-880A-CF61FDE3F7C1,Mauris Rhoncus Institute-481,Not Set,No,Not Set,New Business,Self Generated,Not Set,Prospecting
87,1,1900/01/01 00:00:00.000000000,2200/01/01 00:00:00.000000000,B7772C22-1E32-C796-D850-438BF248319A,Nibh Enim PC-783,Not Set,No,Not Set,New Business,Email,Not Set,Qualification
88,1,1900/01/01 00:00:00.000000000,2200/01/01 00:00:00.000000000,D9DC844E-67EB-C488-4F51-9AE072CA9E32,Hendrerit Corp.-210,Not Set,No,Not Set,New Business,Existing Customer,Not Set,Closed Won
89,1,1900/01/01 00:00:00.000000000,2200/01/01 00:00:00.000000000,1BACABA5-9191-407F-48F5-96F0CA6A9B4F,Facilisi Sed Inc.-565,Not Set,No,Not Set,New Business,Partner,Not Set,Prospecting
90,1,1900/01/01 00:00:00.000000000,2200/01/01 00:00:00.000000000,E2C5936B-6F77-751E-9B1C-7DF211D65F43,Risus Nulla Eget Company-646,Not Set,No,Not Set,New Business,Public Relations,Not Set,Closed Won
91,1,1900/01/01 00:00:00.000000000,2200/01/01 00:00:00.000000000,054B6F7C-B823-BB5B-3E4F-D397E213188F,Purus Maecenas Ltd-929,Not Set,No,Not Set,Existing Business,Campaign,Not Set,Value Proposition
92,1,1900/01/01 00:00:00.000000000,2200/01/01 00:00:00.000000000,FC736D18-9006-FD14-811A-BAF9B28D1422,Ante Ipsum Incorporated-822,Not Set,No,Not Set,Existing Business,Public Relations,Not Set,Prospecting
93,1,1900/01/01 00:00:00.000000000,2200/01/01 00:00:00.000000000,E1CD5085-B234-A612-C782-63BB4D575C7E,A Arcu Institute-157,Not Set,No,Not Set,New Business,Cold Call,Not Set,Closed Lost
94,1,1900/01/01 00:00:00.000000000,2200/01/01 00:00:00.000000000,2AEB0616-900D-E5AA-2BB6-B144E58E5897,Ridiculus Mus LLP-160,Not Set,No,Not Set,Existing Business,Direct Mail,Not Set,Closed Won
95,1,1900/01/01 00:00:00.000000000,2200/01/01 00:00:00.000000000,A93DE5EF-3166-3064-ABAB-C946CE30AE5B,Velit Dui Semper Institute-608,Not Set,No,Not Set,Existing Business,Direct Mail,Not Set,Proposal/Price Quote
96,1,1900/01/01 00:00:00.000000000,2200/01/01 00:00:00.000000000,BE79C480-8040-8FBD-7501-B5CDBA5F07CD,Placerat Foundation-627,Not Set,No,Not Set,New Business,Conference,Not Set,Qualification
97,1,1900/01/01 00:00:00.000000000,2200/01/01 00:00:00.000000000,409268F6-B7F5-46C8-16B0-514B26E2ECD6,Ridiculus Mus LLP-499,Not Set,No,Not Set,New Business,Other,Not Set,Perception Analysis
98,1,1900/01/01 00:00:00.000000000,2200/01/01 00:00:00.000000000,9059308E-5764-BFEE-F5C4-5A3F6606DE9A,Scelerisque Scelerisque Dui Industries-449,Not Set,No,Not Set,New Business,Public Relations,Not Set,Negotiation/Review
99,1,1900/01/01 00:00:00.000000000,2200/01/01 00:00:00.000000000,5D0C1DB6-01EE-1097-168F-D43CBB4AB9C1,Sem Corp.-590,Not Set,No,Not Set,Existing Business,Public Relations,Not Set,Proposal/Price Quote
100,1,1900/01/01 00:00:00.000000000,2200/01/01 00:00:00.000000000,F26D04B5-AF41-8622-CF92-41D275546CB8,Odio Aliquam Vulputate Corp.-667,Not Set,No,Not Set,New Business,Word of mouth,Not Set,Proposal/Price Quote
101,1,1900/01/01 00:00:00.000000000,2200/01/01 00:00:00.000000000,259DA1DD-1B13-B688-A85D-4BE2BA373DE3,Scelerisque Lorem Inc.-709,Not Set,No,Not Set,Existing Business,Other,Not Set,Negotiation/Review
102,1,1900/01/01 00:00:00.000000000,2200/01/01 00:00:00.000000000,AC4383DE-2DCF-D45B-F173-678FCFFAE01A,Nascetur Ridiculus Mus Institute-790,Not Set,No,Not Set,Existing Business,Direct Mail,Not Set,Proposal/Price Quote
103,1,1900/01/01 00:00:00.000000000,2200/01/01 00:00:00.000000000,B456C506-072F-9571-544B-A45563D876C1,Libero Donec Consectetuer LLP-655,Not Set,No,Not Set,Existing Business,Campaign,Not Set,Closed Won
104,1,1900/01/01 00:00:00.000000000,2200/01/01 00:00:00.000000000,BFB77482-F6C8-940B-91A8-190A07DFA4FC,At Sem Molestie Ltd-119,Not Set,No,Not Set,New Business,Self Generated,Not Set,Perception Analysis
105,1,1900/01/01 00:00:00.000000000,2200/01/01 00:00:00.000000000,E01C830E-4BE5-A8DB-2C36-094F54FB765C,Id Associates-833,Not Set,No,Not Set,New Business,Self Generated,Not Set,Perception Analysis
106,1,1900/01/01 00:00:00.000000000,2200/01/01 00:00:00.000000000,6BB0D531-F94F-CEA1-6B96-425F01D021BC,Et Corp.-290,Not Set,No,Not Set,New Business,Public Relations,Not Set,Negotiation/Review
107,1,1900/01/01 00:00:00.000000000,2200/01/01 00:00:00.000000000,CCB0CBE1-CECA-A14B-BDAC-6D891498C143,Fringilla Porttitor Vulputate Foundation-738,Not Set,No,Not Set,Existing Business,Word of mouth,Not Set,Qualification
108,1,1900/01/01 00:00:00.000000000,2200/01/01 00:00:00.000000000,CE4B38E6-B424-710C-ECAA-BC2DEBC80834,Lacus Varius Company-570,Not Set,No,Not Set,New Business,Cold Call,Not Set,Identifying Decision Makers
109,1,1900/01/01 00:00:00.000000000,2200/01/01 00:00:00.000000000,0F170ACA-4669-0095-26EF-FFF482CA7856,Eu Odio Corporation-479,Not Set,No,Not Set,Existing Business,Self Generated,Not Set,Perception Analysis
110,1,1900/01/01 00:00:00.000000000,2200/01/01 00:00:00.000000000,1758362D-B719-DC37-7D48-C589B28B46F1,Justo Consulting-114,Not Set,No,Not Set,New Business,Public Relations,Not Set,Identifying Decision Makers
111,1,1900/01/01 00:00:00.000000000,2200/01/01 00:00:00.000000000,390A7A4C-E741-5D04-318F-39FF4C2C776C,Lectus Incorporated-142,Not Set,No,Not Set,New Business,Partner,Not Set,Proposal/Price Quote
112,1,1900/01/01 00:00:00.000000000,2200/01/01 00:00:00.000000000,F8F52934-AC00-8CF9-BE8A-637A3A62B881,Justo Consulting-808,Not Set,No,Not Set,Existing Business,Cold Call,Not Set,Proposal/Price Quote
113,1,1900/01/01 00:00:00.000000000,2200/01/01 00:00:00.000000000,C025971D-694D-814C-BC1A-53809EEFC254,Et Corp.-413,Not Set,No,Not Set,Existing Business,Web Site,Not Set,Closed Lost
114,1,1900/01/01 00:00:00.000000000,2200/01/01 00:00:00.000000000,C33213BE-8D50-5267-7956-CD227B4B1A3C,Sed Facilisis Incorporated-480,Not Set,No,Not Set,Existing Business,Web Site,Not Set,Qualification
115,1,1900/01/01 00:00:00.000000000,2200/01/01 00:00:00.000000000,1880885F-F606-328C-50B5-2DD9524ED374,Lectus Incorporated-116,Not Set,No,Not Set,New Business,Direct Mail,Not Set,Prospecting
116,1,1900/01/01 00:00:00.000000000,2200/01/01 00:00:00.000000000,41FC7C4C-2225-FEB6-1C9F-D5533712620B,Est Ltd-448,Not Set,No,Not Set,Existing Business,Conference,Not Set,Needs Analysis
117,1,1900/01/01 00:00:00.000000000,2200/01/01 00:00:00.000000000,89382544-7C53-432A-84C8-1E6A3224FB9D,Scelerisque Lorem Inc.-727,Not Set,No,Not Set,Existing Business,Public Relations,Not Set,Prospecting
118,1,1900/01/01 00:00:00.000000000,2200/01/01 00:00:00.000000000,5D9294F6-A479-5096-3833-ECC906769E7A,Sem Corp.-759,Not Set,No,Not Set,Existing Business,Web Site,Not Set,Needs Analysis
119,1,1900/01/01 00:00:00.000000000,2200/01/01 00:00:00.000000000,2F15CAC4-A70B-EA12-4B2A-0AA569962601,Molestie Orci Tincidunt Limited-935,Not Set,No,Not Set,Existing Business,Trade Show,Not Set,Value Proposition
120,1,1900/01/01 00:00:00.000000000,2200/01/01 00:00:00.000000000,A76BC2A1-89EC-37EF-46F2-0F285BA09665,Posuere Vulputate Corporation-636,Not Set,No,Not Set,Existing Business,Partner,Not Set,Prospecting
121,1,1900/01/01 00:00:00.000000000,2200/01/01 00:00:00.000000000,3905A134-C6A3-2E61-A5FF-875F9094B49D,Lacus Varius Company-729,Not Set,No,Not Set,New Business,Partner,Not Set,Closed Lost
122,1,1900/01/01 00:00:00.000000000,2200/01/01 00:00:00.000000000,9D98CC87-3EC6-34DD-981E-B9616283326A,Sapien Aenean Ltd-766,Not Set,No,Not Set,Existing Business,Word of mouth,Not Set,Negotiation/Review
123,1,1900/01/01 00:00:00.000000000,2200/01/01 00:00:00.000000000,01DD1B55-FA76-E010-D58A-6972AB6C35CF,Fames Ac Turpis Corporation-287,Not Set,No,Not Set,Existing Business,Employee,Not Set,Perception Analysis
124,1,1900/01/01 00:00:00.000000000,2200/01/01 00:00:00.000000000,EA9E2B04-2A38-802C-5A16-12320C99BA55,Nibh Enim PC-897,Not Set,No,Not Set,New Business,Direct Mail,Not Set,Closed Lost
125,1,1900/01/01 00:00:00.000000000,2200/01/01 00:00:00.000000000,6C910521-BBCA-3CE6-EEF6-F9D55068C900,Ac Feugiat Non Incorporated-759,Not Set,No,Not Set,Existing Business,Partner,Not Set,Needs Analysis
126,1,1900/01/01 00:00:00.000000000,2200/01/01 00:00:00.000000000,32A42696-DEF9-637A-3F7D-A099F4EA1ECE,Ornare Sagittis LLC-930,Not Set,No,Not Set,New Business,Existing Customer,Not Set,Needs Analysis
127,1,1900/01/01 00:00:00.000000000,2200/01/01 00:00:00.000000000,49ED9A06-FDB8-3BFF-28BD-988439D607B7,Libero Donec Consectetuer LLP-949,Not Set,No,Not Set,New Business,Cold Call,Not Set,Value Proposition
128,1,1900/01/01 00:00:00.000000000,2200/01/01 00:00:00.000000000,7812E7C2-E022-6505-03AD-CAC5243380B6,Ante Ipsum Primis Associates-357,Not Set,No,Not Set,Existing Business,Web Site,Not Set,Closed Won
129,1,1900/01/01 00:00:00.000000000,2200/01/01 00:00:00.000000000,8DF54227-6A1A-2509-C28E-523798677C96,Nascetur Ridiculus Mus Institute-492,Not Set,No,Not Set,New Business,Web Site,Not Set,Prospecting
130,1,1900/01/01 00:00:00.000000000,2200/01/01 00:00:00.000000000,3A59CA3B-8BA8-E3D3-BA0E-5FF2DF2B551F,Et Eros Proin Company-194,Not Set,No,Not Set,New Business,Existing Customer,Not Set,Prospecting
131,1,1900/01/01 00:00:00.000000000,2200/01/01 00:00:00.000000000,2CE53E26-584B-AA22-1CB5-0A59F7934577,Justo Consulting-495,Not Set,No,Not Set,New Business,Existing Customer,Not Set,Negotiation/Review
132,1,1900/01/01 00:00:00.000000000,2200/01/01 00:00:00.000000000,67D20A2D-C735-0E73-2350-0132A3EDB55B,Dolor Fusce Feugiat Corp.-820,Not Set,No,Not Set,Existing Business,Partner,Not Set,Value Proposition
133,1,1900/01/01 00:00:00.000000000,2200/01/01 00:00:00.000000000,D9439A65-4F7E-4BAF-2E6E-A1AB67B97A23,Felis Company-513,Not Set,No,Not Set,New Business,Word of mouth,Not Set,Prospecting
134,1,1900/01/01 00:00:00.000000000,2200/01/01 00:00:00.000000000,936D26D8-EA22-FDCC-218A-42DF4500A85D,Gravida Sagittis LLP-879,Not Set,No,Not Set,Existing Business,Self Generated,Not Set,Proposal/Price Quote
135,1,1900/01/01 00:00:00.000000000,2200/01/01 00:00:00.000000000,CC59854F-D446-E93E-8DFF-8C34A1759B38,Nullam Lobortis Quam Industries-491,Not Set,No,Not Set,Existing Business,Conference,Not Set,Closed Won
136,1,1900/01/01 00:00:00.000000000,2200/01/01 00:00:00.000000000,9AB02DB2-A8D1-E2FA-4C5C-E50DC2F4EDDA,Gravida Sagittis LLP-453,Not Set,No,Not Set,New Business,Word of mouth,Not Set,Value Proposition
137,1,1900/01/01 00:00:00.000000000,2200/01/01 00:00:00.000000000,51C8CA6E-5D23-A638-D296-56539EE7B6C5,Luctus Et Corp.-975,Not Set,No,Not Set,Existing Business,Campaign,Not Set,Closed Lost
138,1,1900/01/01 00:00:00.000000000,2200/01/01 00:00:00.000000000,06D9D862-3373-42A5-D856-A7B20AB16088,Dolor Fusce Feugiat Corp.-936,Not Set,No,Not Set,New Business,Self Generated,Not Set,Identifying Decision Makers
139,1,1900/01/01 00:00:00.000000000,2200/01/01 00:00:00.000000000,03ABD04E-25B2-A764-0B95-54CE10FCC36E,In Tempus Eu Industries-640,Not Set,No,Not Set,Existing Business,Trade Show,Not Set,Prospecting
140,1,1900/01/01 00:00:00.000000000,2200/01/01 00:00:00.000000000,5960413C-53F2-0470-9476-529CEE3A3270,Pellentesque LLP-396,Not Set,No,Not Set,Existing Business,Partner,Not Set,Identifying Decision Makers
141,1,1900/01/01 00:00:00.000000000,2200/01/01 00:00:00.000000000,D331731D-7C38-F130-BE13-E3FA7C620783,Ipsum Leo Elementum LLP-173,Not Set,No,Not Set,Existing Business,Public Relations,Not Set,Prospecting
142,1,1900/01/01 00:00:00.000000000,2200/01/01 00:00:00.000000000,7E11525D-5F1F-E8E4-A66B-E21FC11EC2E6,Hendrerit Corp.-947,Not Set,No,Not Set,New Business,Partner,Not Set,Needs Analysis
143,1,1900/01/01 00:00:00.000000000,2200/01/01 00:00:00.000000000,9BA69480-605C-C0CB-BB06-61634AAAB446,Felis Company-243,Not Set,No,Not Set,New Business,Campaign,Not Set,Value Proposition
144,1,1900/01/01 00:00:00.000000000,2200/01/01 00:00:00.000000000,E8889695-4E9D-A030-A8BC-FB5363EC9C68,Nascetur Ridiculus Mus Institute-383,Not Set,No,Not Set,New Business,Web Site,Not Set,Qualification
145,1,1900/01/01 00:00:00.000000000,2200/01/01 00:00:00.000000000,89B8F704-A8DD-D80D-7C46-FA2C65F8FFB0,Facilisi Sed Inc.-726,Not Set,No,Not Set,New Business,Email,Not Set,Qualification
146,1,1900/01/01 00:00:00.000000000,2200/01/01 00:00:00.000000000,83AADB02-EBD4-C5ED-AF0E-9799C79A7213,Mauris Rhoncus Institute-677,Not Set,No,Not Set,New Business,Other,Not Set,Closed Won
147,1,1900/01/01 00:00:00.000000000,2200/01/01 00:00:00.000000000,775D9655-9478-7127-D4C5-DBF15F225E75,Urna Convallis Erat Incorporated-377,Not Set,No,Not Set,New Business,Email,Not Set,Perception Analysis
148,1,1900/01/01 00:00:00.000000000,2200/01/01 00:00:00.000000000,BC6AAF53-4810-7E04-57E1-B7B8370F20A1,Pellentesque Ut LLC-665,Not Set,No,Not Set,New Business,Campaign,Not Set,Proposal/Price Quote
149,1,1900/01/01 00:00:00.000000000,2200/01/01 00:00:00.000000000,32DECAED-E475-5365-4D60-ED6C3DF0650D,Lobortis Company-164,Not Set,No,Not Set,Existing Business,Existing Customer,Not Set,Closed Won
150,1,1900/01/01 00:00:00.000000000,2200/01/01 00:00:00.000000000,230E427C-6169-6B16-CB14-1A8DB8FAF3CE,Parturient Montes PC-824,Not Set,No,Not Set,New Business,Existing Customer,Not Set,Qualification
151,1,1900/01/01 00:00:00.000000000,2200/01/01 00:00:00.000000000,9765F129-D279-7443-F09B-30197D6E5F96,Fringilla Porttitor Vulputate Foundation-650,Not Set,No,Not Set,New Business,Self Generated,Not Set,Value Proposition
152,1,1900/01/01 00:00:00.000000000,2200/01/01 00:00:00.000000000,E8A5A9B8-3A36-3C92-090F-993C38AA31D5,A Arcu Institute-223,Not Set,No,Not Set,Existing Business,Campaign,Not Set,Value Proposition
153,1,1900/01/01 00:00:00.000000000,2200/01/01 00:00:00.000000000,27554B59-BABC-C309-1268-55B022E007AC,Orci Lacus Vestibulum Inc.-972,Not Set,No,Not Set,New Business,Conference,Not Set,Needs Analysis
154,1,1900/01/01 00:00:00.000000000,2200/01/01 00:00:00.000000000,AA434018-38A2-D5ED-7403-4986FBBC5D5E,Pellentesque A Facilisis Associates-838,Not Set,No,Not Set,New Business,Direct Mail,Not Set,Qualification
155,1,1900/01/01 00:00:00.000000000,2200/01/01 00:00:00.000000000,95CA5627-5326-61F5-22C5-9E8340368DC1,Sed LLC-667,Not Set,No,Not Set,New Business,Existing Customer,Not Set,Needs Analysis
156,1,1900/01/01 00:00:00.000000000,2200/01/01 00:00:00.000000000,95BBEF1C-46C0-D03E-B8D7-F1C9E727B247,Sem Corp.-593,Not Set,No,Not Set,New Business,Word of mouth,Not Set,Value Proposition
157,1,1900/01/01 00:00:00.000000000,2200/01/01 00:00:00.000000000,73D61D31-5746-551A-5CC4-6768ECA1AD71,Donec Nibh Enim Industries-811,Not Set,No,Not Set,Existing Business,Employee,Not Set,Needs Analysis
158,1,1900/01/01 00:00:00.000000000,2200/01/01 00:00:00.000000000,546F4EC3-D0F3-C515-4167-675FD7B51579,Curabitur Massa Vestibulum Consulting-910,Not Set,No,Not Set,New Business,Word of mouth,Not Set,Closed Lost
159,1,1900/01/01 00:00:00.000000000,2200/01/01 00:00:00.000000000,60A24515-6588-3614-7512-CC26507F546E,Eget Institute-206,Not Set,No,Not Set,New Business,Email,Not Set,Negotiation/Review
160,1,1900/01/01 00:00:00.000000000,2200/01/01 00:00:00.000000000,83C8B656-2F40-1EAD-2EB2-EDADA18AB59F,Curabitur Massa Vestibulum Consulting-177,Not Set,No,Not Set,Existing Business,Public Relations,Not Set,Proposal/Price Quote
161,1,1900/01/01 00:00:00.000000000,2200/01/01 00:00:00.000000000,55C453D0-3818-6164-3B61-3DC7F225A080,Adipiscing Inc.-302,Not Set,No,Not Set,New Business,Self Generated,Not Set,Closed Lost
162,1,1900/01/01 00:00:00.000000000,2200/01/01 00:00:00.000000000,A80A3C97-8398-13A2-DC4E-570855535D65,Fringilla Est Inc.-424,Not Set,No,Not Set,Existing Business,Other,Not Set,Closed Won
163,1,1900/01/01 00:00:00.000000000,2200/01/01 00:00:00.000000000,250B2754-A42D-60F8-B994-5D609DF65A3A,Dignissim Lacus Institute-752,Not Set,No,Not Set,New Business,Self Generated,Not Set,Negotiation/Review
164,1,1900/01/01 00:00:00.000000000,2200/01/01 00:00:00.000000000,5904726C-6215-EFAB-A2F0-89404D918467,Ligula Aliquam Erat Institute-209,Not Set,No,Not Set,Existing Business,Partner,Not Set,Negotiation/Review
165,1,1900/01/01 00:00:00.000000000,2200/01/01 00:00:00.000000000,1DA3743E-51F5-5724-343B-BE99D8CBDA55,Lectus Incorporated-582,Not Set,No,Not Set,Existing Business,Public Relations,Not Set,Qualification
166,1,1900/01/01 00:00:00.000000000,2200/01/01 00:00:00.000000000,3072796E-B83E-271E-4AB1-43AFCB4A01D2,Lacus Varius Company-424,Not Set,No,Not Set,Existing Business,Email,Not Set,Closed Lost
167,1,1900/01/01 00:00:00.000000000,2200/01/01 00:00:00.000000000,00B6A7B1-1F39-F01B-F902-942DF416FEB8,Ante Ipsum Primis Associates-509,Not Set,No,Not Set,Existing Business,Web Site,Not Set,Closed Won
168,1,1900/01/01 00:00:00.000000000,2200/01/01 00:00:00.000000000,E64F2149-6C60-FEA2-04A1-C8C54646F888,Auctor Non Feugiat Ltd-733,Not Set,No,Not Set,New Business,Trade Show,Not Set,Identifying Decision Makers
169,1,1900/01/01 00:00:00.000000000,2200/01/01 00:00:00.000000000,4752E70F-5B66-7679-122E-63411C88B6FF,Pede Ultrices A LLC-423,Not Set,No,Not Set,New Business,Other,Not Set,Prospecting
170,1,1900/01/01 00:00:00.000000000,2200/01/01 00:00:00.000000000,25DF5ED1-D708-5F7E-1C10-5152B41F5521,Odio Aliquam Vulputate Corp.-982,Not Set,No,Not Set,New Business,Public Relations,Not Set,Identifying Decision Makers
171,1,1900/01/01 00:00:00.000000000,2200/01/01 00:00:00.000000000,556006E8-05D0-C114-332B-E8914D8D6518,Lobortis Company-569,Not Set,No,Not Set,Existing Business,Direct Mail,Not Set,Needs Analysis
172,1,1900/01/01 00:00:00.000000000,2200/01/01 00:00:00.000000000,250A478C-D860-5FD8-EC09-347FEE27A7D2,Porttitor Tellus Non PC-264,Not Set,No,Not Set,Existing Business,Conference,Not Set,Prospecting
173,1,1900/01/01 00:00:00.000000000,2200/01/01 00:00:00.000000000,7A726958-25B8-018A-DD75-7588907E624F,Ligula Associates-690,Not Set,No,Not Set,New Business,Email,Not Set,Qualification
174,1,1900/01/01 00:00:00.000000000,2200/01/01 00:00:00.000000000,B0259F03-BF03-000E-A563-B03B51EB96CB,In Tempus Eu Industries-369,Not Set,No,Not Set,Existing Business,Employee,Not Set,Proposal/Price Quote
175,1,1900/01/01 00:00:00.000000000,2200/01/01 00:00:00.000000000,7C91A9E3-4BDE-6761-FD80-E4BFDD5D1FE3,Fringilla Est Inc.-699,Not Set,No,Not Set,New Business,Other,Not Set,Closed Won
176,1,1900/01/01 00:00:00.000000000,2200/01/01 00:00:00.000000000,DEC187A2-E649-9B8C-10AD-81492283EF5E,Porttitor Tellus Non PC-330,Not Set,No,Not Set,New Business,Direct Mail,Not Set,Closed Lost
177,1,1900/01/01 00:00:00.000000000,2200/01/01 00:00:00.000000000,C850B3B0-F16A-82EE-89FD-A0DA53EDDF50,Eu Odio Corporation-496,Not Set,No,Not Set,Existing Business,Cold Call,Not Set,Value Proposition
178,1,1900/01/01 00:00:00.000000000,2200/01/01 00:00:00.000000000,EAE8CA41-4511-192A-AC63-6700756EAAF8,Sed Facilisis Incorporated-577,Not Set,No,Not Set,Existing Business,Other,Not Set,Value Proposition
179,1,1900/01/01 00:00:00.000000000,2200/01/01 00:00:00.000000000,CD6D3707-1168-1AF6-0CA2-6447D14E73AE,Urna Nec Institute-803,Not Set,No,Not Set,Existing Business,Self Generated,Not Set,Closed Won
180,1,1900/01/01 00:00:00.000000000,2200/01/01 00:00:00.000000000,BFEE2C6A-5BED-88F7-94BF-89970CAAEB01,Est Ltd-993,Not Set,No,Not Set,New Business,Conference,Not Set,Value Proposition
181,1,1900/01/01 00:00:00.000000000,2200/01/01 00:00:00.000000000,60BE79F1-9017-A084-1380-410FDECB5BD4,Odio Aliquam Vulputate Corp.-491,Not Set,No,Not Set,New Business,Self Generated,Not Set,Prospecting
182,1,1900/01/01 00:00:00.000000000,2200/01/01 00:00:00.000000000,04F5463C-6211-C4C0-2576-49BDBBC9EA94,Pellentesque LLP-111,Not Set,No,Not Set,New Business,Trade Show,Not Set,Perception Analysis
183,1,1900/01/01 00:00:00.000000000,2200/01/01 00:00:00.000000000,10FA450A-4083-FE2D-7934-3FE2480230A1,Pellentesque PC-468,Not Set,No,Not Set,Existing Business,Partner,Not Set,Prospecting
184,1,1900/01/01 00:00:00.000000000,2200/01/01 00:00:00.000000000,9F8CA1CD-0A53-58DF-0A10-DE905E287861,Mollis Integer LLP-482,Not Set,No,Not Set,Existing Business,Web Site,Not Set,Qualification
185,1,1900/01/01 00:00:00.000000000,2200/01/01 00:00:00.000000000,CD2823E8-69AF-40F3-9665-B7C9DA8661F6,Facilisis Vitae Inc.-240,Not Set,No,Not Set,Existing Business,Trade Show,Not Set,Closed Won
186,1,1900/01/01 00:00:00.000000000,2200/01/01 00:00:00.000000000,F071C148-B9EB-0D71-81E6-B3351E3F9EC1,Hendrerit Corp.-243,Not Set,No,Not Set,Existing Business,Other,Not Set,Closed Won
187,1,1900/01/01 00:00:00.000000000,2200/01/01 00:00:00.000000000,B7E7191F-4FF6-A1DE-7DAF-0CCF847AF939,Orci Lacus Vestibulum Inc.-336,Not Set,No,Not Set,Existing Business,Trade Show,Not Set,Perception Analysis
188,1,1900/01/01 00:00:00.000000000,2200/01/01 00:00:00.000000000,D9DBD1A7-D005-FCBD-86AB-C4631CDBEF45,Facilisi Sed Inc.-584,Not Set,No,Not Set,New Business,Other,Not Set,Value Proposition
189,1,1900/01/01 00:00:00.000000000,2200/01/01 00:00:00.000000000,4548514B-8442-A49E-11DD-EFFF786B9CC5,Enim Mauris Quis LLP-409,Not Set,No,Not Set,New Business,Existing Customer,Not Set,Negotiation/Review
190,1,1900/01/01 00:00:00.000000000,2200/01/01 00:00:00.000000000,AC0C37B9-5825-170C-DC69-410C857C1BB5,Ante Ipsum Primis Consulting-715,Not Set,No,Not Set,Existing Business,Word of mouth,Not Set,Closed Won
191,1,1900/01/01 00:00:00.000000000,2200/01/01 00:00:00.000000000,B5587014-17F9-2634-ECAF-64BA93B2DFC2,Ornare Sagittis LLC-284,Not Set,No,Not Set,New Business,Trade Show,Not Set,Value Proposition
192,1,1900/01/01 00:00:00.000000000,2200/01/01 00:00:00.000000000,E866807D-611D-697E-E22A-A6A7427CDECC,Sed Facilisis Incorporated-680,Not Set,No,Not Set,Existing Business,Word of mouth,Not Set,Proposal/Price Quote
193,1,1900/01/01 00:00:00.000000000,2200/01/01 00:00:00.000000000,233A4D6D-698F-8DC6-54C6-156B71E1A975,Sapien Aenean Ltd-449,Not Set,No,Not Set,Existing Business,Existing Customer,Not Set,Qualification
194,1,1900/01/01 00:00:00.000000000,2200/01/01 00:00:00.000000000,B519287B-681D-D506-030C-FC7ABAD968CE,Ante Ipsum Primis Consulting-710,Not Set,No,Not Set,New Business,Public Relations,Not Set,Closed Won
195,1,1900/01/01 00:00:00.000000000,2200/01/01 00:00:00.000000000,45AC96E1-2A60-C7C5-E534-9C6067B926C3,Sed Tortor Integer Inc.-120,Not Set,No,Not Set,Existing Business,Direct Mail,Not Set,Needs Analysis
196,1,1900/01/01 00:00:00.000000000,2200/01/01 00:00:00.000000000,026A7197-9641-A5DD-F20B-2E2E83538BF6,Scelerisque Limited-585,Not Set,No,Not Set,Existing Business,Existing Customer,Not Set,Closed Lost
197,1,1900/01/01 00:00:00.000000000,2200/01/01 00:00:00.000000000,E3FAF331-0BD7-BA88-1223-9EF1FD8D5F61,Pellentesque LLP-302,Not Set,No,Not Set,New Business,Web Site,Not Set,Prospecting
198,1,1900/01/01 00:00:00.000000000,2200/01/01 00:00:00.000000000,14429055-6829-2BFC-707B-335231B98437,Pellentesque PC-947,Not Set,No,Not Set,Existing Business,Word of mouth,Not Set,Proposal/Price Quote
199,1,1900/01/01 00:00:00.000000000,2200/01/01 00:00:00.000000000,A39345E4-A893-24AE-6450-60E845FB48A9,Purus Maecenas Ltd-708,Not Set,No,Not Set,Existing Business,Partner,Not Set,Prospecting
200,1,1900/01/01 00:00:00.000000000,2200/01/01 00:00:00.000000000,C45BC6DB-56F0-F6DA-1949-04B55B71EB51,Lectus Incorporated-215,Not Set,No,Not Set,Existing Business,Email,Not Set,Closed Won
201,1,1900/01/01 00:00:00.000000000,2200/01/01 00:00:00.000000000,D325544F-D737-38C8-134D-A7F0C9662779,Bibendum Fermentum Metus Corporation-967,Not Set,No,Not Set,Existing Business,Email,Not Set,Perception Analysis
202,1,1900/01/01 00:00:00.000000000,2200/01/01 00:00:00.000000000,B32B6EFF-4422-EC03-A88D-38608FA7BB4E,Parturient Montes PC-586,Not Set,No,Not Set,Existing Business,Partner,Not Set,Identifying Decision Makers
203,1,1900/01/01 00:00:00.000000000,2200/01/01 00:00:00.000000000,A5D89534-C108-05B1-DDCD-1EABC37D8621,Molestie Orci Tincidunt Limited-511,Not Set,No,Not Set,Existing Business,Word of mouth,Not Set,Qualification
204,1,1900/01/01 00:00:00.000000000,2200/01/01 00:00:00.000000000,673F89A2-ECAA-24EF-537C-161AA5DCA804,Sapien Molestie Foundation-854,Not Set,No,Not Set,New Business,Self Generated,Not Set,Perception Analysis
205,1,1900/01/01 00:00:00.000000000,2200/01/01 00:00:00.000000000,678A86B7-415F-62B0-F59E-1439D66BF8C1,Ac Nulla LLP-234,Not Set,No,Not Set,New Business,Conference,Not Set,Value Proposition
206,1,1900/01/01 00:00:00.000000000,2200/01/01 00:00:00.000000000,E7E4E227-DA2A-2327-88E7-A0DF67A25B2C,Gravida Sagittis LLP-412,Not Set,No,Not Set,New Business,Existing Customer,Not Set,Perception Analysis
207,1,1900/01/01 00:00:00.000000000,2200/01/01 00:00:00.000000000,FF4EE2A4-E5F6-5BC4-BE8E-3EDC5B16BD9C,Id LLP-908,Not Set,No,Not Set,New Business,Partner,Not Set,Perception Analysis
208,1,1900/01/01 00:00:00.000000000,2200/01/01 00:00:00.000000000,0CD6203E-A104-2DAC-DB6A-1E310F1EA313,Sociosqu Ad Company-382,Not Set,No,Not Set,Existing Business,Self Generated,Not Set,Value Proposition
209,1,1900/01/01 00:00:00.000000000,2200/01/01 00:00:00.000000000,9E39F1E4-3791-0E3C-5790-53EF7FAED78B,Ipsum Donec PC-878,Not Set,No,Not Set,New Business,Direct Mail,Not Set,Prospecting
210,1,1900/01/01 00:00:00.000000000,2200/01/01 00:00:00.000000000,98E9E9DA-CA24-B241-C27F-DB0321032FF7,Posuere Vulputate Corporation-593,Not Set,No,Not Set,New Business,Cold Call,Not Set,Closed Won
211,1,1900/01/01 00:00:00.000000000,2200/01/01 00:00:00.000000000,993BA72C-30EB-7F8C-3EBD-A3EA988BC286,Orci Lacus Vestibulum Inc.-605,Not Set,No,Not Set,Existing Business,Trade Show,Not Set,Perception Analysis
212,1,1900/01/01 00:00:00.000000000,2200/01/01 00:00:00.000000000,F801ABE6-1822-055A-26D9-9047E7BA9B5C,Enim Mauris Quis LLP-767,Not Set,No,Not Set,Existing Business,Existing Customer,Not Set,Closed Lost
213,1,1900/01/01 00:00:00.000000000,2200/01/01 00:00:00.000000000,D8CA602E-E378-F748-55BA-ED47A4BE019D,Sociosqu Ad Company-879,Not Set,No,Not Set,New Business,Partner,Not Set,Identifying Decision Makers
214,1,1900/01/01 00:00:00.000000000,2200/01/01 00:00:00.000000000,483EAB81-A24A-0AEC-842B-A2154361B991,Vestibulum Massa Consulting-660,Not Set,No,Not Set,Existing Business,Other,Not Set,Proposal/Price Quote
215,1,1900/01/01 00:00:00.000000000,2200/01/01 00:00:00.000000000,012A3635-1058-9B90-3716-4E03AD19A3D4,Sociis Natoque LLC-279,Not Set,No,Not Set,New Business,Conference,Not Set,Negotiation/Review
216,1,1900/01/01 00:00:00.000000000,2200/01/01 00:00:00.000000000,1EB99C3F-C331-1664-8F13-D334921E181E,Sapien Aenean Ltd-647,Not Set,No,Not Set,Existing Business,Cold Call,Not Set,Identifying Decision Makers
217,1,1900/01/01 00:00:00.000000000,2200/01/01 00:00:00.000000000,6295396F-BDB1-0422-4908-9C6D81904C4D,A Arcu Institute-181,Not Set,No,Not Set,New Business,Self Generated,Not Set,Closed Lost
218,1,1900/01/01 00:00:00.000000000,2200/01/01 00:00:00.000000000,87F89D10-702C-EB8E-97B7-C589D42FC4D0,Scelerisque Lorem Inc.-551,Not Set,No,Not Set,New Business,Web Site,Not Set,Perception Analysis
219,1,1900/01/01 00:00:00.000000000,2200/01/01 00:00:00.000000000,95D1FB53-3F70-F342-7D85-F5247A3B73C5,Sociis Natoque LLC-997,Not Set,No,Not Set,New Business,Word of mouth,Not Set,Value Proposition
220,1,1900/01/01 00:00:00.000000000,2200/01/01 00:00:00.000000000,EBB87912-70AB-FDD1-39E2-FEF87B854BA9,Sociosqu Ad Company-885,Not Set,No,Not Set,New Business,Direct Mail,Not Set,Negotiation/Review
221,1,1900/01/01 00:00:00.000000000,2200/01/01 00:00:00.000000000,55A49C1C-FC1C-4846-B3A9-651970D147F3,Mauris Rhoncus Institute-997,Not Set,No,Not Set,New Business,Direct Mail,Not Set,Closed Won
222,1,1900/01/01 00:00:00.000000000,2200/01/01 00:00:00.000000000,1D579C6E-C242-3708-955C-C0B64C48792C,Sed Est Foundation-970,Not Set,No,Not Set,Existing Business,Self Generated,Not Set,Identifying Decision Makers
223,1,1900/01/01 00:00:00.000000000,2200/01/01 00:00:00.000000000,5EB14677-F580-7817-E8B0-7E6901C6FB7F,Sapien Molestie Foundation-911,Not Set,No,Not Set,Existing Business,Web Site,Not Set,Qualification
224,1,1900/01/01 00:00:00.000000000,2200/01/01 00:00:00.000000000,169F8B70-5C03-D211-3193-A509F4A56815,Fames Ac Turpis Corporation-908,Not Set,No,Not Set,Existing Business,Partner,Not Set,Qualification
225,1,1900/01/01 00:00:00.000000000,2200/01/01 00:00:00.000000000,FF258D33-0584-B2B9-8CEB-5BA34C909C83,Curabitur Vel Institute-318,Not Set,No,Not Set,New Business,Other,Not Set,Qualification
226,1,1900/01/01 00:00:00.000000000,2200/01/01 00:00:00.000000000,73AF3B07-C6CB-83FD-71C8-A82981DE6930,Sociosqu Ad Company-789,Not Set,No,Not Set,Existing Business,Cold Call,Not Set,Value Proposition
227,1,1900/01/01 00:00:00.000000000,2200/01/01 00:00:00.000000000,4416CBEB-4DB7-FD4C-4D29-DDB33AB34831,In Tempus Eu Industries-297,Not Set,No,Not Set,New Business,Web Site,Not Set,Negotiation/Review
228,1,1900/01/01 00:00:00.000000000,2200/01/01 00:00:00.000000000,27B8FD32-66A6-EF82-F516-B349CA92EE3D,Et Limited-208,Not Set,No,Not Set,Existing Business,Direct Mail,Not Set,Negotiation/Review
229,1,1900/01/01 00:00:00.000000000,2200/01/01 00:00:00.000000000,1AA1A8D6-7F07-DD2D-C159-51725F9AFF9E,Primis In Faucibus LLP-167,Not Set,No,Not Set,New Business,Existing Customer,Not Set,Prospecting
230,1,1900/01/01 00:00:00.000000000,2200/01/01 00:00:00.000000000,4CCB941D-901F-7F55-F3EF-9EAC10A5CB7F,A Arcu Institute-125,Not Set,No,Not Set,New Business,Campaign,Not Set,Identifying Decision Makers
231,1,1900/01/01 00:00:00.000000000,2200/01/01 00:00:00.000000000,3971F0AE-9293-9D8D-73E4-37855D0BE05C,Tempor Ltd-256,Not Set,No,Not Set,Existing Business,Web Site,Not Set,Proposal/Price Quote
232,1,1900/01/01 00:00:00.000000000,2200/01/01 00:00:00.000000000,ECF69F63-E3D4-4D4A-B76E-39AD779C3A55,Pellentesque PC-877,Not Set,No,Not Set,Existing Business,Self Generated,Not Set,Prospecting
233,1,1900/01/01 00:00:00.000000000,2200/01/01 00:00:00.000000000,2C7E10FA-798D-827A-E192-748ECAC5665D,Luctus Et Corp.-586,Not Set,No,Not Set,Existing Business,Employee,Not Set,Perception Analysis
234,1,1900/01/01 00:00:00.000000000,2200/01/01 00:00:00.000000000,EFF8FC7E-FB8F-49F8-01C7-A1A511709D71,Et Corp.-920,Not Set,No,Not Set,New Business,Word of mouth,Not Set,Negotiation/Review
235,1,1900/01/01 00:00:00.000000000,2200/01/01 00:00:00.000000000,1795C597-80FD-8C70-55FF-20620F21B864,Urna Convallis Erat Incorporated-803,Not Set,No,Not Set,New Business,Public Relations,Not Set,Closed Won
236,1,1900/01/01 00:00:00.000000000,2200/01/01 00:00:00.000000000,DF99E97C-5B34-24B4-C926-AE0D7C7D1F0D,Velit Dui Semper Institute-757,Not Set,No,Not Set,Existing Business,Other,Not Set,Closed Lost
237,1,1900/01/01 00:00:00.000000000,2200/01/01 00:00:00.000000000,24FA6A06-9C78-4C5A-093D-A9A52AA3A9DF,Vestibulum Massa Consulting-698,Not Set,No,Not Set,Existing Business,Existing Customer,Not Set,Negotiation/Review
238,1,1900/01/01 00:00:00.000000000,2200/01/01 00:00:00.000000000,69EBE62B-8739-FCDE-407A-214B09E04F1D,Eget Institute-499,Not Set,No,Not Set,Existing Business,Word of mouth,Not Set,Identifying Decision Makers
239,1,1900/01/01 00:00:00.000000000,2200/01/01 00:00:00.000000000,734BD2CD-F697-1B39-4AD5-B52E6E31B5F4,Pede Ultrices A LLC-575,Not Set,No,Not Set,Existing Business,Other,Not Set,Needs Analysis
240,1,1900/01/01 00:00:00.000000000,2200/01/01 00:00:00.000000000,4FB85F6E-66B6-CDA4-364E-1BBD44D8EF76,Velit Dui Semper Institute-481,Not Set,No,Not Set,New Business,Web Site,Not Set,Closed Won
241,1,1900/01/01 00:00:00.000000000,2200/01/01 00:00:00.000000000,78C7F98E-ABC6-8DC4-B365-1E9C59051D75,Erat Etiam Vestibulum Associates-622,Not Set,No,Not Set,Existing Business,Self Generated,Not Set,Closed Won
242,1,1900/01/01 00:00:00.000000000,2200/01/01 00:00:00.000000000,61A7C931-84D4-D5EF-F52B-110E824EABD7,Odio Corp.-603,Not Set,No,Not Set,New Business,Conference,Not Set,Closed Won
243,1,1900/01/01 00:00:00.000000000,2200/01/01 00:00:00.000000000,54C4B43A-639B-9B71-D771-18C132688C88,Dolor Fusce Feugiat Corp.-178,Not Set,No,Not Set,New Business,Email,Not Set,Value Proposition
244,1,1900/01/01 00:00:00.000000000,2200/01/01 00:00:00.000000000,B934D0F3-3E5A-9D2B-F717-48311AA558CD,Luctus Et Corp.-872,Not Set,No,Not Set,New Business,Partner,Not Set,Proposal/Price Quote
245,1,1900/01/01 00:00:00.000000000,2200/01/01 00:00:00.000000000,67C9A135-9F82-7F9B-07DE-5734570884E9,Facilisi Sed Inc.-696,Not Set,No,Not Set,New Business,Direct Mail,Not Set,Value Proposition
246,1,1900/01/01 00:00:00.000000000,2200/01/01 00:00:00.000000000,CE56F01F-A039-ADC4-933A-EE4ADB06FA8C,Donec Nibh Enim Industries-112,Not Set,No,Not Set,Existing Business,Existing Customer,Not Set,Negotiation/Review
247,1,1900/01/01 00:00:00.000000000,2200/01/01 00:00:00.000000000,C68A15BA-EFE7-059A-9C43-4640B0DFBE4C,Turpis Vitae Purus Foundation-331,Not Set,No,Not Set,New Business,Public Relations,Not Set,Identifying Decision Makers
248,1,1900/01/01 00:00:00.000000000,2200/01/01 00:00:00.000000000,C4E5C67D-D374-B0DE-17BC-81B1022FE5DD,Nascetur Ridiculus Mus Institute-191,Not Set,No,Not Set,New Business,Self Generated,Not Set,Identifying Decision Makers
249,1,1900/01/01 00:00:00.000000000,2200/01/01 00:00:00.000000000,6CD6194C-13C2-7313-14EC-9ACAC91C16A1,Pellentesque Ut LLC-931,Not Set,No,Not Set,Existing Business,Email,Not Set,Value Proposition
250,1,1900/01/01 00:00:00.000000000,2200/01/01 00:00:00.000000000,F512F1D3-5888-5A3C-1456-F0B26FE197F2,Ligula Associates-398,Not Set,No,Not Set,Existing Business,Employee,Not Set,Closed Won
251,1,1900/01/01 00:00:00.000000000,2200/01/01 00:00:00.000000000,EA7C3C65-CBC6-1511-9235-A481572BAB3A,Primis In Faucibus LLP-699,Not Set,No,Not Set,New Business,Other,Not Set,Negotiation/Review
252,1,1900/01/01 00:00:00.000000000,2200/01/01 00:00:00.000000000,6C6B25C3-A5C0-505D-5D30-B5293C456440,Hendrerit Corp.-870,Not Set,No,Not Set,New Business,Cold Call,Not Set,Perception Analysis
253,1,1900/01/01 00:00:00.000000000,2200/01/01 00:00:00.000000000,1FD36904-A0C7-BDAD-4F8E-01B7D80AA835,Nullam Lobortis Quam Industries-342,Not Set,No,Not Set,New Business,Public Relations,Not Set,Identifying Decision Makers
254,1,1900/01/01 00:00:00.000000000,2200/01/01 00:00:00.000000000,C63204F5-D364-7637-8FA9-62DB47D855A5,Auctor Non Feugiat Ltd-257,Not Set,No,Not Set,New Business,Existing Customer,Not Set,Proposal/Price Quote
255,1,1900/01/01 00:00:00.000000000,2200/01/01 00:00:00.000000000,15C62E2F-4814-F333-1B40-AB41AB4EC0A3,Sed Facilisis Incorporated-407,Not Set,No,Not Set,New Business,Self Generated,Not Set,Prospecting
256,1,1900/01/01 00:00:00.000000000,2200/01/01 00:00:00.000000000,4A4DF752-D749-55C8-5863-FC72E48FB96D,Adipiscing Inc.-828,Not Set,No,Not Set,New Business,Web Site,Not Set,Proposal/Price Quote
257,1,1900/01/01 00:00:00.000000000,2200/01/01 00:00:00.000000000,CF31430E-4FB8-5199-E41B-B063904A2C8B,Sed LLC-561,Not Set,No,Not Set,New Business,Existing Customer,Not Set,Proposal/Price Quote
258,1,1900/01/01 00:00:00.000000000,2200/01/01 00:00:00.000000000,E269CA86-8A0B-8A66-8887-31D640AAB5E0,Lobortis Company-592,Not Set,No,Not Set,New Business,Other,Not Set,Needs Analysis
259,1,1900/01/01 00:00:00.000000000,2200/01/01 00:00:00.000000000,DA4D1430-0EDA-AF54-3D24-FE05A88392A0,Fringilla Porttitor Vulputate Foundation-591,Not Set,No,Not Set,Existing Business,Web Site,Not Set,Qualification
260,1,1900/01/01 00:00:00.000000000,2200/01/01 00:00:00.000000000,F20095BE-940B-4737-462E-00804A4B849D,Pellentesque PC-193,Not Set,No,Not Set,Existing Business,Cold Call,Not Set,Needs Analysis
261,1,1900/01/01 00:00:00.000000000,2200/01/01 00:00:00.000000000,45830F07-492C-0AF3-7FBF-FA2AB5D195B7,Adipiscing Inc.-369,Not Set,No,Not Set,New Business,Direct Mail,Not Set,Closed Won
262,1,1900/01/01 00:00:00.000000000,2200/01/01 00:00:00.000000000,BC5CC9BC-11F5-BFFF-72C6-ADEC2186950F,Scelerisque Lorem Inc.-133,Not Set,No,Not Set,Existing Business,Web Site,Not Set,Closed Lost
263,1,1900/01/01 00:00:00.000000000,2200/01/01 00:00:00.000000000,7B848BEC-BDA8-91C9-ECD0-C120A848856F,Cras Vulputate Industries-226,Not Set,No,Not Set,Existing Business,Partner,Not Set,Negotiation/Review
264,1,1900/01/01 00:00:00.000000000,2200/01/01 00:00:00.000000000,C2843D96-A0C0-EFC2-55B6-021BA16A565E,Mollis Integer LLP-894,Not Set,No,Not Set,New Business,Campaign,Not Set,Closed Won
265,1,1900/01/01 00:00:00.000000000,2200/01/01 00:00:00.000000000,8251E7CB-DB9E-13A0-8EFB-6FF77940FBCE,Facilisi Sed Inc.-408,Not Set,No,Not Set,New Business,Conference,Not Set,Closed Lost
266,1,1900/01/01 00:00:00.000000000,2200/01/01 00:00:00.000000000,8F201823-60D0-FD1D-08CF-10A7231CEB92,Urna Nec Institute-111,Not Set,No,Not Set,Existing Business,Word of mouth,Not Set,Closed Lost
267,1,1900/01/01 00:00:00.000000000,2200/01/01 00:00:00.000000000,F8245D13-1520-A06F-A3A8-B7BBD8C13856,Sociis Natoque LLC-398,Not Set,No,Not Set,Existing Business,Existing Customer,Not Set,Identifying Decision Makers
268,1,1900/01/01 00:00:00.000000000,2200/01/01 00:00:00.000000000,2756338C-A16B-D211-D452-61B3C9C28189,Amet Diam Consulting-726,Not Set,No,Not Set,New Business,Existing Customer,Not Set,Identifying Decision Makers
269,1,1900/01/01 00:00:00.000000000,2200/01/01 00:00:00.000000000,4B8AE1FD-46BF-6A5F-AE91-41C7F8E09F7F,Mollis Integer LLP-487,Not Set,No,Not Set,New Business,Conference,Not Set,Negotiation/Review
270,1,1900/01/01 00:00:00.000000000,2200/01/01 00:00:00.000000000,CB48DCCF-D58C-F698-1CA9-20E1C31AF39E,Ipsum Donec PC-390,Not Set,No,Not Set,New Business,Email,Not Set,Qualification
271,1,1900/01/01 00:00:00.000000000,2200/01/01 00:00:00.000000000,FCFF8034-6B65-4C2B-4198-0140A3876F21,Placerat Foundation-681,Not Set,No,Not Set,Existing Business,Email,Not Set,Perception Analysis
272,1,1900/01/01 00:00:00.000000000,2200/01/01 00:00:00.000000000,9D590299-829E-9BB8-8571-20795F31641C,Mollis Integer LLP-334,Not Set,No,Not Set,New Business,Self Generated,Not Set,Needs Analysis
273,1,1900/01/01 00:00:00.000000000,2200/01/01 00:00:00.000000000,7A7FE0F6-CD90-01DD-B2FE-A8765F6BFDED,Ridiculus Mus LLP-572,Not Set,No,Not Set,New Business,Trade Show,Not Set,Negotiation/Review
274,1,1900/01/01 00:00:00.000000000,2200/01/01 00:00:00.000000000,997B5A56-D92D-B587-BEF1-5B244DD9802B,Ornare Sagittis LLC-796,Not Set,No,Not Set,New Business,Partner,Not Set,Closed Won
275,1,1900/01/01 00:00:00.000000000,2200/01/01 00:00:00.000000000,FFB7C6F0-254B-7A66-1EFA-DC43C291F640,Vestibulum Nec LLC-896,Not Set,No,Not Set,New Business,Campaign,Not Set,Closed Lost
276,1,1900/01/01 00:00:00.000000000,2200/01/01 00:00:00.000000000,BB13B003-EEBF-F5E8-3B06-7C163FF37983,Erat Etiam Vestibulum Associates-499,Not Set,No,Not Set,Existing Business,Cold Call,Not Set,Prospecting
277,1,1900/01/01 00:00:00.000000000,2200/01/01 00:00:00.000000000,780B768C-206D-16BF-7AA7-1CC9254EA2B3,Ipsum Leo Elementum LLP-890,Not Set,No,Not Set,New Business,Public Relations,Not Set,Identifying Decision Makers
278,1,1900/01/01 00:00:00.000000000,2200/01/01 00:00:00.000000000,7552E60D-81B8-15E4-3CCD-AC1F8F91DB32,Et Limited-420,Not Set,No,Not Set,Existing Business,Conference,Not Set,Qualification
279,1,1900/01/01 00:00:00.000000000,2200/01/01 00:00:00.000000000,A64ABD69-15CB-C6CF-B6C7-B9597F6D43DE,Sociis Natoque LLC-711,Not Set,No,Not Set,New Business,Cold Call,Not Set,Value Proposition
280,1,1900/01/01 00:00:00.000000000,2200/01/01 00:00:00.000000000,90B9A1BD-177B-619B-3715-BC5AC0DD8256,Lectus Rutrum LLP-428,Not Set,No,Not Set,Existing Business,Direct Mail,Not Set,Closed Won
281,1,1900/01/01 00:00:00.000000000,2200/01/01 00:00:00.000000000,C4B33BB7-D275-ADA5-FCCA-15D18DF1DB63,Ac Feugiat Non Incorporated-234,Not Set,No,Not Set,Existing Business,Web Site,Not Set,Qualification
282,1,1900/01/01 00:00:00.000000000,2200/01/01 00:00:00.000000000,9749AD7C-0E76-4E85-D400-83EA736D40FC,Dictum Magna Ut LLC-530,Not Set,No,Not Set,New Business,Campaign,Not Set,Value Proposition
283,1,1900/01/01 00:00:00.000000000,2200/01/01 00:00:00.000000000,49C3C5C5-DECD-A807-FD9D-1CC342B6E387,Id Associates-807,Not Set,No,Not Set,Existing Business,Trade Show,Not Set,Qualification
284,1,1900/01/01 00:00:00.000000000,2200/01/01 00:00:00.000000000,F048448B-D298-542D-7375-8A0E90C208A3,Nascetur Ridiculus Mus Institute-421,Not Set,No,Not Set,Existing Business,Trade Show,Not Set,Qualification
285,1,1900/01/01 00:00:00.000000000,2200/01/01 00:00:00.000000000,8C4B10FD-8899-8C9B-E5A6-7D098A908E8A,Mollis Integer LLP-619,Not Set,No,Not Set,Existing Business,Employee,Not Set,Proposal/Price Quote
286,1,1900/01/01 00:00:00.000000000,2200/01/01 00:00:00.000000000,9E3E6385-2F9D-1EC1-4243-62C43B24422A,Erat Etiam Vestibulum Associates-155,Not Set,No,Not Set,New Business,Word of mouth,Not Set,Prospecting
287,1,1900/01/01 00:00:00.000000000,2200/01/01 00:00:00.000000000,955DEE16-5AC1-4EAB-8B32-D7BDED583A4D,Ante Ipsum Primis Consulting-789,Not Set,No,Not Set,New Business,Conference,Not Set,Needs Analysis
288,1,1900/01/01 00:00:00.000000000,2200/01/01 00:00:00.000000000,419D9FDD-F3E9-6D7C-40A9-4DF144B9DE2D,Luctus Et Corp.-590,Not Set,No,Not Set,New Business,Email,Not Set,Prospecting
289,1,1900/01/01 00:00:00.000000000,2200/01/01 00:00:00.000000000,FAB68CBA-7AD8-E39D-FF5F-92FB561CB286,Sed LLC-818,Not Set,No,Not Set,Existing Business,Cold Call,Not Set,Perception Analysis
290,1,1900/01/01 00:00:00.000000000,2200/01/01 00:00:00.000000000,BD53A4EA-5B35-1BF5-0240-06AE0BD8FF9E,Sociis Natoque LLC-553,Not Set,No,Not Set,New Business,Other,Not Set,Qualification
291,1,1900/01/01 00:00:00.000000000,2200/01/01 00:00:00.000000000,ECBD6825-7737-A09C-65E2-AA35F3274686,Parturient Montes PC-347,Not Set,No,Not Set,New Business,Cold Call,Not Set,Negotiation/Review
292,1,1900/01/01 00:00:00.000000000,2200/01/01 00:00:00.000000000,BDCDECD7-C2E6-6533-54E6-B47E26EB7F72,Ante Ipsum Primis Associates-537,Not Set,No,Not Set,New Business,Partner,Not Set,Qualification
293,1,1900/01/01 00:00:00.000000000,2200/01/01 00:00:00.000000000,BD9B696E-B225-235C-F424-A6805D5E0C2D,Mollis Integer LLP-315,Not Set,No,Not Set,Existing Business,Other,Not Set,Value Proposition
294,1,1900/01/01 00:00:00.000000000,2200/01/01 00:00:00.000000000,24BA4088-22F7-C7B0-AB89-DEE8D62D7F60,Sapien Molestie Foundation-224,Not Set,No,Not Set,Existing Business,Email,Not Set,Qualification
295,1,1900/01/01 00:00:00.000000000,2200/01/01 00:00:00.000000000,79DD7400-A4A6-8E43-AD2C-B84BD9901E92,Bibendum Fermentum Metus Corporation-573,Not Set,No,Not Set,New Business,Public Relations,Not Set,Closed Lost
296,1,1900/01/01 00:00:00.000000000,2200/01/01 00:00:00.000000000,AC1B1E69-6E8B-5577-AB64-B647F842D576,Tempor Ltd-429,Not Set,No,Not Set,New Business,Conference,Not Set,Closed Lost
297,1,1900/01/01 00:00:00.000000000,2200/01/01 00:00:00.000000000,36842EBC-EA00-F05A-B044-A4D4FA026122,Et Corp.-494,Not Set,No,Not Set,Existing Business,Cold Call,Not Set,Closed Lost
298,1,1900/01/01 00:00:00.000000000,2200/01/01 00:00:00.000000000,0BD5DF82-9367-4B8A-BEB7-7249EADC827C,Ipsum Leo Elementum LLP-552,Not Set,No,Not Set,New Business,Trade Show,Not Set,Proposal/Price Quote
299,1,1900/01/01 00:00:00.000000000,2200/01/01 00:00:00.000000000,28C3D6A0-790F-6904-7B0B-F62E259B8C80,Pede Ultrices A LLC-148,Not Set,No,Not Set,New Business,Existing Customer,Not Set,Negotiation/Review
300,1,1900/01/01 00:00:00.000000000,2200/01/01 00:00:00.000000000,6131A9A0-CBBE-8210-F5E6-3C5D7207B210,Lectus Rutrum LLP-187,Not Set,No,Not Set,New Business,Web Site,Not Set,Qualification
301,1,1900/01/01 00:00:00.000000000,2200/01/01 00:00:00.000000000,215D27B2-5E97-C2B6-7E28-AF67E576C8F2,Adipiscing Inc.-204,Not Set,No,Not Set,New Business,Word of mouth,Not Set,Closed Won
302,1,1900/01/01 00:00:00.000000000,2200/01/01 00:00:00.000000000,55EB8998-7099-4D87-11C4-97CD41FEA06A,At Sem Molestie Ltd-371,Not Set,No,Not Set,Existing Business,Web Site,Not Set,Negotiation/Review
303,1,1900/01/01 00:00:00.000000000,2200/01/01 00:00:00.000000000,A239DD4F-049E-A0F6-3D5D-69ACF369FF7F,Mauris Company-716,Not Set,No,Not Set,New Business,Self Generated,Not Set,Qualification
304,1,1900/01/01 00:00:00.000000000,2200/01/01 00:00:00.000000000,19658C82-CFA7-45B4-D3B6-145CAFFDB340,Cras Vulputate Industries-330,Not Set,No,Not Set,New Business,Direct Mail,Not Set,Closed Lost
305,1,1900/01/01 00:00:00.000000000,2200/01/01 00:00:00.000000000,60F05607-F504-DDC4-71B4-535BBCAE51C1,Urna Nec Institute-746,Not Set,No,Not Set,Existing Business,Public Relations,Not Set,Closed Won
306,1,1900/01/01 00:00:00.000000000,2200/01/01 00:00:00.000000000,B4B7ED8A-CB7F-6799-419E-B687804A1E82,Et Limited-888,Not Set,No,Not Set,Existing Business,Campaign,Not Set,Prospecting
307,1,1900/01/01 00:00:00.000000000,2200/01/01 00:00:00.000000000,57608C71-058B-64D2-3267-F0276FEAC055,In Tempus Eu Industries-611,Not Set,No,Not Set,Existing Business,Web Site,Not Set,Prospecting
308,1,1900/01/01 00:00:00.000000000,2200/01/01 00:00:00.000000000,A934202D-97A1-8A7C-44AE-130A6390025C,Fames Ac Turpis Corporation-526,Not Set,No,Not Set,New Business,Self Generated,Not Set,Qualification
309,1,1900/01/01 00:00:00.000000000,2200/01/01 00:00:00.000000000,135C2F60-9663-B992-D6BB-D572153F7134,Scelerisque Limited-901,Not Set,No,Not Set,Existing Business,Trade Show,Not Set,Closed Won
310,1,1900/01/01 00:00:00.000000000,2200/01/01 00:00:00.000000000,68598B9B-42B1-DF43-686A-F25FE9C9A559,Et Eros Proin Company-699,Not Set,No,Not Set,New Business,Email,Not Set,Value Proposition
311,1,1900/01/01 00:00:00.000000000,2200/01/01 00:00:00.000000000,A2AE0695-EC61-CD01-08B3-A80A46189E7F,Et Corp.-695,Not Set,No,Not Set,New Business,Trade Show,Not Set,Value Proposition
312,1,1900/01/01 00:00:00.000000000,2200/01/01 00:00:00.000000000,1C7BB6D8-DEE6-BC1D-D03A-AE88455BE3B1,Ante Ipsum Incorporated-339,Not Set,No,Not Set,Existing Business,Other,Not Set,Identifying Decision Makers
313,1,1900/01/01 00:00:00.000000000,2200/01/01 00:00:00.000000000,BE6E1249-B7C9-B59B-6716-4B43A9E6DBA0,Est Ltd-435,Not Set,No,Not Set,New Business,Campaign,Not Set,Proposal/Price Quote
314,1,1900/01/01 00:00:00.000000000,2200/01/01 00:00:00.000000000,C2C9C1EF-FE1F-A994-7185-6658B954F93B,In Tempus Eu Industries-505,Not Set,No,Not Set,Existing Business,Direct Mail,Not Set,Negotiation/Review
315,1,1900/01/01 00:00:00.000000000,2200/01/01 00:00:00.000000000,29789D76-944C-27AB-053D-30888BD53DF3,Et Limited-415,Not Set,No,Not Set,New Business,Cold Call,Not Set,Negotiation/Review
316,1,1900/01/01 00:00:00.000000000,2200/01/01 00:00:00.000000000,603D042B-5637-40D8-25B8-A97230630FD2,Et Eros Proin Company-935,Not Set,No,Not Set,Existing Business,Cold Call,Not Set,Qualification
317,1,1900/01/01 00:00:00.000000000,2200/01/01 00:00:00.000000000,EE621A7C-5A99-1820-BB90-6016E7E78CA9,Primis In Faucibus LLP-239,Not Set,No,Not Set,Existing Business,Email,Not Set,Closed Lost
318,1,1900/01/01 00:00:00.000000000,2200/01/01 00:00:00.000000000,8E349CFE-DC7C-3DA9-812A-6F2E0E2CF87D,Scelerisque Scelerisque Dui Industries-962,Not Set,No,Not Set,New Business,Employee,Not Set,Identifying Decision Makers
319,1,1900/01/01 00:00:00.000000000,2200/01/01 00:00:00.000000000,0C944EB8-D8E7-F3B4-BC08-C81A0A56DE54,Eu Odio Corporation-879,Not Set,No,Not Set,Existing Business,Campaign,Not Set,Closed Lost
320,1,1900/01/01 00:00:00.000000000,2200/01/01 00:00:00.000000000,C8D36F4E-DDAB-CC3E-B0CE-F323CB6EEDAA,Nibh Enim PC-382,Not Set,No,Not Set,Existing Business,Web Site,Not Set,Negotiation/Review
321,1,1900/01/01 00:00:00.000000000,2200/01/01 00:00:00.000000000,A127F537-B2EB-7E8F-1156-00F97449C28C,Ante Ipsum Primis Consulting-444,Not Set,No,Not Set,Existing Business,Self Generated,Not Set,Value Proposition
322,1,1900/01/01 00:00:00.000000000,2200/01/01 00:00:00.000000000,20A69EC9-C869-7B56-3A02-0E42EF48071B,Lobortis Company-419,Not Set,No,Not Set,New Business,Word of mouth,Not Set,Closed Won
323,1,1900/01/01 00:00:00.000000000,2200/01/01 00:00:00.000000000,B0C5D7CC-98F8-21A7-85EB-2273697597E3,Ante Ipsum Primis Associates-548,Not Set,No,Not Set,New Business,Partner,Not Set,Proposal/Price Quote
324,1,1900/01/01 00:00:00.000000000,2200/01/01 00:00:00.000000000,8AB2EEDE-16D1-705C-7F1A-AB0D2C5ADB5C,Augue LLP-570,Not Set,No,Not Set,Existing Business,Trade Show,Not Set,Identifying Decision Makers
325,1,1900/01/01 00:00:00.000000000,2200/01/01 00:00:00.000000000,E7977324-D198-854E-64A5-9A023DE8F551,Sollicitudin Commodo Ltd-260,Not Set,No,Not Set,Existing Business,Direct Mail,Not Set,Closed Lost
326,1,1900/01/01 00:00:00.000000000,2200/01/01 00:00:00.000000000,E0289CCD-A520-6F76-CEBA-4935E8358259,Tempor Ltd-594,Not Set,No,Not Set,New Business,Existing Customer,Not Set,Identifying Decision Makers
327,1,1900/01/01 00:00:00.000000000,2200/01/01 00:00:00.000000000,B5917201-8981-B371-F9AB-2BD3B4AB2318,Facilisi Sed Inc.-676,Not Set,No,Not Set,Existing Business,Direct Mail,Not Set,Perception Analysis
328,1,1900/01/01 00:00:00.000000000,2200/01/01 00:00:00.000000000,B42C24EC-A94C-DEBF-D7AA-BE21F0D8DF79,Dolor Fusce Feugiat Corp.-210,Not Set,No,Not Set,New Business,Email,Not Set,Proposal/Price Quote
329,1,1900/01/01 00:00:00.000000000,2200/01/01 00:00:00.000000000,1CDC41FB-8871-D318-59F7-A525983109FA,Scelerisque Scelerisque Dui Industries-123,Not Set,No,Not Set,Existing Business,Existing Customer,Not Set,Closed Lost
330,1,1900/01/01 00:00:00.000000000,2200/01/01 00:00:00.000000000,B7DD4496-FF2A-1674-7731-AC1878207A0D,Erat Etiam Vestibulum Associates-319,Not Set,No,Not Set,New Business,Public Relations,Not Set,Negotiation/Review
331,1,1900/01/01 00:00:00.000000000,2200/01/01 00:00:00.000000000,2DFE87DD-7D96-BD3E-B89E-385BE383D912,Mauris Eu Elit LLC-111,Not Set,No,Not Set,Existing Business,Employee,Not Set,Needs Analysis
332,1,1900/01/01 00:00:00.000000000,2200/01/01 00:00:00.000000000,60C6E19B-4085-5555-E90B-AB4D61CC1389,Scelerisque Limited-863,Not Set,No,Not Set,Existing Business,Existing Customer,Not Set,Value Proposition
333,1,1900/01/01 00:00:00.000000000,2200/01/01 00:00:00.000000000,CDE6752C-DCBF-E372-187F-EC524568D08B,Facilisis Vitae Inc.-754,Not Set,No,Not Set,Existing Business,Other,Not Set,Value Proposition
334,1,1900/01/01 00:00:00.000000000,2200/01/01 00:00:00.000000000,83699D5B-F658-AC1B-042C-69EB74F3631A,Orci Incorporated-572,Not Set,No,Not Set,New Business,Email,Not Set,Value Proposition
335,1,1900/01/01 00:00:00.000000000,2200/01/01 00:00:00.000000000,2B3374FA-C966-7355-9795-0B32DB48DC4D,Dolor Fusce Feugiat Corp.-239,Not Set,No,Not Set,Existing Business,Conference,Not Set,Closed Lost
336,1,1900/01/01 00:00:00.000000000,2200/01/01 00:00:00.000000000,B2E49326-0E86-5CD3-C1EC-04A012F33CA3,Pellentesque Ut LLC-242,Not Set,No,Not Set,Existing Business,Cold Call,Not Set,Negotiation/Review
337,1,1900/01/01 00:00:00.000000000,2200/01/01 00:00:00.000000000,A3A0FE5E-D3A6-D534-1F72-3A52DECF9E0C,Pellentesque A Facilisis Associates-444,Not Set,No,Not Set,New Business,Cold Call,Not Set,Closed Lost
338,1,1900/01/01 00:00:00.000000000,2200/01/01 00:00:00.000000000,218417C3-C088-5258-B375-5D45043F3412,Pellentesque PC-829,Not Set,No,Not Set,New Business,Conference,Not Set,Identifying Decision Makers
339,1,1900/01/01 00:00:00.000000000,2200/01/01 00:00:00.000000000,BC6EF018-6B67-D794-348B-6E99E4A865A5,Sapien Aenean Ltd-258,Not Set,No,Not Set,Existing Business,Campaign,Not Set,Proposal/Price Quote
340,1,1900/01/01 00:00:00.000000000,2200/01/01 00:00:00.000000000,92EA52DB-7CCB-0A23-9BD5-96800B6F93B0,Ante Ipsum Primis Associates-650,Not Set,No,Not Set,Existing Business,Trade Show,Not Set,Qualification
341,1,1900/01/01 00:00:00.000000000,2200/01/01 00:00:00.000000000,FAC63012-6D1F-F62D-F4E1-121C46551C19,Pede Ultrices A LLC-132,Not Set,No,Not Set,Existing Business,Employee,Not Set,Qualification
342,1,1900/01/01 00:00:00.000000000,2200/01/01 00:00:00.000000000,0650F702-DCCF-97FB-3AB2-E5C3DE37E0BF,Turpis Vitae Purus Foundation-185,Not Set,No,Not Set,New Business,Campaign,Not Set,Perception Analysis
343,1,1900/01/01 00:00:00.000000000,2200/01/01 00:00:00.000000000,6110485F-49A7-13E3-B0A9-3B83687D6037,Molestie Orci Tincidunt Limited-258,Not Set,No,Not Set,New Business,Partner,Not Set,Identifying Decision Makers
344,1,1900/01/01 00:00:00.000000000,2200/01/01 00:00:00.000000000,48512D55-A437-8ECE-329C-2FB05399B4E8,Curabitur Vel Institute-750,Not Set,No,Not Set,Existing Business,Other,Not Set,Qualification
345,1,1900/01/01 00:00:00.000000000,2200/01/01 00:00:00.000000000,6BA3EF8F-63C5-DDAE-1652-001D9A2B7815,Et Limited-384,Not Set,No,Not Set,New Business,Other,Not Set,Proposal/Price Quote
346,1,1900/01/01 00:00:00.000000000,2200/01/01 00:00:00.000000000,8979090F-4250-B0DF-8F4B-C595A255729B,Nullam Lobortis Quam Industries-649,Not Set,No,Not Set,New Business,Campaign,Not Set,Proposal/Price Quote
347,1,1900/01/01 00:00:00.000000000,2200/01/01 00:00:00.000000000,CA7E9DD8-5109-DD85-1B02-172B16F7F5E6,Pellentesque Ut LLC-440,Not Set,No,Not Set,New Business,Web Site,Not Set,Prospecting
348,1,1900/01/01 00:00:00.000000000,2200/01/01 00:00:00.000000000,9E8457C1-5688-9D8A-6E18-FD307C9E7A0C,Ligula Associates-469,Not Set,No,Not Set,New Business,Direct Mail,Not Set,Perception Analysis
349,1,1900/01/01 00:00:00.000000000,2200/01/01 00:00:00.000000000,EEDB6AFE-D340-3407-2C5F-C4C01A4F7C8E,Porttitor Tellus Non PC-663,Not Set,No,Not Set,New Business,Employee,Not Set,Value Proposition
350,1,1900/01/01 00:00:00.000000000,2200/01/01 00:00:00.000000000,6C9CDBD8-D265-3B11-8E04-2F1FBCEE7670,Sapien Aenean Ltd-208,Not Set,No,Not Set,New Business,Word of mouth,Not Set,Proposal/Price Quote
