ACCOUNT_ID,ACCOUNT_NAME,ACCOUNT_DATE_CREATED,ACCOUNT_MODIFIED,ACCOUNT_CREATED_BY,ACCOUNT_DESCRIPTION,ACCOUNT_TYPE,ACCOUNT_INDUSTRY
1,Sapien Molestie Foundation,14/07/20,,Emilija Dudley,,Reseller,Enviromental
2,Sapien Aenean Ltd,26/06/20,,Evie-Rose Rangel,,Integrator,Finance
3,Pellentesque LLP,14/07/20,,Ellisha Cameron,,Customer,Shipping
4,Risus Nulla Eget Company,14/07/20,,Conah Wills,,Press,Apparel
5,Sed Facilisis Incorporated,14/07/20,,Evie-Rose Rangel,,Press,Healthcare
6,Luctus Et Corp.,26/06/20,,Shanice Dunne,,Invester,Not For Profit
7,Scelerisque Scelerisque Dui Industries,02/07/20,,Alfred Churchill,,Other,Chemicals
8,Urna Nec Institute,14/07/20,,Devan Ray,,Partner,Apparel
9,Id Associates,26/06/20,,Connah Hardin,,Partner,Enviromental
10,Posuere Vulputate Corporation,02/07/20,,Lewis Roach,,Customer,Media
11,Vel Turpis Institute,02/07/20,,Cody Cheste,,Analyst,Chemicals
12,Sem Corp.,14/07/20,,Evie-Rose Rangel,,Analyst,Media
13,Urna Convallis Erat Incorporated,02/07/20,,Rajveer Howell,,Analyst,Transportation
14,Amet Diam Consulting,26/06/20,,Alfred Churchill,,Competitor,Utilities
15,Dolor Fusce Feugiat Corp.,02/07/20,,Akeem Yoder,,Competitor,Consulting
16,Turpis Vitae Purus Foundation,02/07/20,,Conah Wills,,Press,Finance
17,Ligula Associates,14/07/20,,Norma Hampton,,Analyst,Hospitality
18,Odio Corp.,26/06/20,,Harleen Peters,,Invester,Utilities
19,Augue LLP,02/07/20,,Shanice Dunne,,Other,Utilities
20,Ipsum Leo Elementum LLP,02/07/20,14/07/20,Lewis Roach,,Invester,Telecommunications
21,Orci Lacus Vestibulum Inc.,14/07/20,,Conah Wills,,Customer,Healthcare
22,Mauris Rhoncus Institute,02/07/20,,Ellisha Cameron,,Prospect,Telecommunications
23,Dapibus Gravida Company,26/06/20,,Adelina Everett,,Competitor,Biotechnology
24,Curabitur Massa Vestibulum Consulting,14/07/20,,Shanice Dunne,,Reseller,Media
25,Cras Vulputate Industries,02/07/20,,Devan Ray,,Integrator,Enviromental
26,Ipsum Donec PC,14/07/20,,Evie-Rose Rangel,,Other,Enviromental
27,Scelerisque Limited,26/06/20,,Evie-Rose Rangel,,Analyst,Recreation
28,Mauris Company,14/07/20,,Lewis Roach,,Customer,Entertainment
29,Nibh Enim PC,02/07/20,,Emilija Dudley,,Partner,Utilities
30,Ridiculus Mus LLP,26/06/20,,Vivien Colley,,Customer,Finance
31,Mauris Eu Elit LLC,02/07/20,,Giles Frazier,,Competitor,Media
32,Adipiscing Inc.,02/07/20,,Otis Childs,,Reseller,Not For Profit
33,Nullam Lobortis Quam Industries,26/06/20,,Vivien Colley,,Reseller,Consulting
34,Mollis Integer LLP,14/07/20,,Connah Hardin,,Customer,Consulting
35,Risus In Mi Foundation,14/07/20,,Giles Frazier,,Customer,Entertainment
36,Fames Ac Turpis Corporation,14/07/20,14/07/20,Harleen Peters,,Analyst,Other
37,Sollicitudin Commodo Ltd,14/07/20,,Evie-Rose Rangel,,Customer,Biotechnology
38,Est Ltd,02/07/20,,Harleen Peters,,Customer,Hospitality
39,Parturient Montes PC,02/07/20,,Connah Hardin,,Other,Energy
40,Fringilla Est Inc.,14/07/20,,Giles Frazier,,Analyst,Transportation
41,Id LLP,26/06/20,,Gia Easton,,Press,Construction
42,Ligula Aliquam Erat Institute,14/07/20,,Adelina Everett,,Integrator,Utilities
43,Eget Institute,14/07/20,,Rajveer Howell,,Partner,Telecommunications
44,Molestie Orci Tincidunt Limited,26/06/20,,Connah Hardin,,Analyst,Hospitality
45,Justo Consulting,26/06/20,,Akeem Yoder,,Partner,Not For Profit
46,Et Eros Proin Company,02/07/20,,Rajveer Howell,,Press,Banking
47,A Arcu Institute,26/06/20,,Kaiden Montoya,,Press,Other
48,Facilisis Vitae Inc.,14/07/20,,Emilija Dudley,,Invester,Machinery
49,Lectus Incorporated,02/07/20,,Harleen Peters,,Prospect,Utilities
50,Vestibulum Massa Consulting,26/06/20,,Harleen Peters,,Analyst,Shipping
51,Sociis Natoque LLC,14/07/20,,Devan Ray,,Invester,Manufacturing
52,Gravida Sagittis LLP,26/06/20,,Harleen Peters,,Partner,Shipping
53,Fringilla Porttitor Vulputate Foundation,14/07/20,,Devan Ray,,Customer,Recreation
54,Nascetur Ridiculus Mus Institute,14/07/20,,Giles Frazier,,Analyst,Insurance
55,Odio Aliquam Vulputate Corp.,14/07/20,,Akeem Yoder,,Other,Utilities
56,Porttitor Tellus Non PC,02/07/20,,Conah Wills,,Press,Utilities
57,Hendrerit Corp.,26/06/20,,Emilija Dudley,,Integrator,Machinery
58,Sed LLC,26/06/20,14/07/20,Kaiden Montoya,,Prospect,Machinery
59,Tempor Ltd,26/06/20,14/07/20,Otis Childs,,Other,Banking
60,Enim Mauris Quis LLP,26/06/20,14/07/20,Adelina Everett,,Competitor,Apparel
61,Pellentesque A Facilisis Associates,26/06/20,,Otis Childs,,Customer,Communications
62,Pede Ultrices A LLC,26/06/20,,Norma Hampton,,Press,Other
63,Ante Ipsum Primis Consulting,14/07/20,,Rajveer Howell,,Other,Communications
64,Ante Ipsum Incorporated,26/06/20,,Cody Cheste,,Analyst,Recreation
65,Sociosqu Ad Company,26/06/20,,Kaiden Montoya,,Prospect,Retail
66,Libero Donec Consectetuer LLP,26/06/20,,Alfred Churchill,,Partner,Communications
67,Erat Etiam Vestibulum Associates,02/07/20,,Vivien Colley,,Other,Insurance
68,In Tempus Eu Industries,02/07/20,,Kaiden Montoya,,Invester,Technology
69,Sed Est Foundation,14/07/20,,Vivien Colley,,Competitor,Apparel
70,Ac Nulla LLP,14/07/20,14/07/20,Otis Childs,,Analyst,Shipping
71,Lacus Varius Company,02/07/20,,Kaiden Montoya,,Competitor,Government
72,Placerat Foundation,26/06/20,,Connah Hardin,,Invester,Energy
73,Et Corp.,26/06/20,,Devan Ray,,Competitor,Chemicals
74,Curabitur Vel Institute,26/06/20,,Conah Wills,,Integrator,Insurance
75,Purus Maecenas Ltd,26/06/20,,Devan Ray,,Customer,Energy
76,Auctor Non Feugiat Ltd,26/06/20,,Shanice Dunne,,Partner,Communications
77,Et Limited,02/07/20,,Norma Hampton,,Reseller,Not For Profit
78,Felis Company,02/07/20,14/07/20,Otis Childs,,Reseller,Chemicals
79,Eu Odio Corporation,26/06/20,14/07/20,Conah Wills,,Prospect,Finance
80,Facilisi Sed Inc.,02/07/20,,Otis Childs,,Other,Biotechnology
81,At Sem Molestie Ltd,26/06/20,,Kaiden Montoya,,Competitor,Enviromental
82,Ante Ipsum Primis Associates,26/06/20,,Devan Ray,,Partner,Apparel
83,Dictum Magna Ut LLC,26/06/20,,Ellisha Cameron,,Press,Telecommunications
84,Bibendum Fermentum Metus Corporation,02/07/20,,Lewis Roach,,Competitor,Machinery
85,Nisl Sem LLC,14/07/20,,Harleen Peters,,Customer,Telecommunications
86,Scelerisque Lorem Inc.,02/07/20,,Akeem Yoder,,Partner,Apparel
87,Ornare Sagittis LLC,26/06/20,,Shanice Dunne,,Prospect,Telecommunications
88,Lectus Rutrum LLP,14/07/20,,Cody Cheste,,Other,Transportation
89,Pellentesque Ut LLC,26/06/20,,Giles Frazier,,Reseller,Entertainment
90,Vestibulum Nec LLC,26/06/20,,Gia Easton,,Analyst,Not For Profit
91,Velit Ltd,26/06/20,,Ellisha Cameron,,Invester,Chemicals
92,Velit Dui Semper Institute,02/07/20,,Adelina Everett,,Other,Chemicals
93,Sed Tortor Integer Inc.,02/07/20,,Norma Hampton,,Invester,Hospitality
94,Donec Nibh Enim Industries,02/07/20,,Kaiden Montoya,,Analyst,Biotechnology
95,Primis In Faucibus LLP,02/07/20,,Giles Frazier,,Analyst,Not For Profit
96,Pellentesque PC,14/07/20,,Connah Hardin,,Prospect,Chemicals
97,Dignissim Lacus Institute,26/06/20,,Rajveer Howell,,Integrator,Other
98,Lobortis Company,02/07/20,,Alfred Churchill,,Analyst,Consulting
99,Orci Incorporated,26/06/20,,Gia Easton,,Integrator,Finance
100,Ac Feugiat Non Incorporated,02/07/20,,Lewis Roach,,Partner,Banking