ACCOUNT_TK,VERSION,DATE_FROM,DATE_TO,ACCOUNT_ID,ACCOUNT_NAME,ACCOUNT_DATE_CREATED,ACCOUNT_MODIFIED,ACCOUNT_CREATED_BY,ACCOUNT_DELETED,ACCOUNT_DESCRIPTION,ACCOUNT_TYPE,ACCOUNT_INDUSTRY,ACCOUNT_BILLING_ADDRESS_CITY,ACCOUNT_BILLING_ADDRESS_COUNTRY,ACCOUNT_BILLING_ADDRESS_POSTCODE,ACCOUNT_BILLING_ADDRESS_STATE,ACCOUNT_BILLING_ADDRESS_STREET,ACCOUNT_SHIPPING_ADDRESS_CITY,ACCOUNT_SHIPPING_ADDRESS_COUNTRY,ACCOUNT_SHIPPING_ADDRESS_POSTCODE,ACCOUNT_SHIPPING_ADDRESS_STATE,ACCOUNT_SHIPPING_ADDRESS_STREET
0,1,1900/01/01 00:00:00.000000000,2200/01/01 00:00:00.000000000,N/A,Not Set,1900/01/01 00:00:00.000000000,1900/01/01 00:00:00.000000000,N/A,No,Not Set,Not Set,Not Set,Not Set,Not Set,Not Set,Not Set,Not Set,Not Set,Not Set,Not Set,Not Set,Not Set
1,1,1900/01/01 00:00:00.000000000,2200/01/01 00:00:00.000000000,1,Sapien Molestie Foundation,2020/07/14 00:00:00.000000000,,,No,Not Set,Reseller,Enviromental,Not Set,England,56967,Kingston upon Thames,Ap #159-1704 Nec Av.,Not Set,England,56967,Kingston upon Thames,Ap #159-1704 Nec Av.
2,1,1900/01/01 00:00:00.000000000,2200/01/01 00:00:00.000000000,2,Sapien Aenean Ltd,2020/06/26 00:00:00.000000000,,,No,Not Set,Integrator,Finance,Not Set,England,82794,North Yorkshire,"5994 Congue, Ave",Not Set,England,82794,North Yorkshire,"5994 Congue, Ave"
3,1,1900/01/01 00:00:00.000000000,2200/01/01 00:00:00.000000000,3,Pellentesque LLP,2020/07/14 00:00:00.000000000,,,No,Not Set,Customer,Shipping,Not Set,Wales,U1E 0CO,Porth,"996-4049 Posuere, Av.",Not Set,Wales,U1E 0CO,Porth,"996-4049 Posuere, Av."
4,1,1900/01/01 00:00:00.000000000,2200/01/01 00:00:00.000000000,4,Risus Nulla Eget Company,2020/07/14 00:00:00.000000000,,,No,Not Set,Press,Apparel,Not Set,Wales,65373-857,Swansea,"P.O. Box 287, 4021 Ligula. Avenue",Not Set,Wales,65373-857,Swansea,"P.O. Box 287, 4021 Ligula. Avenue"
5,1,1900/01/01 00:00:00.000000000,2200/01/01 00:00:00.000000000,5,Sed Facilisis Incorporated,2020/07/14 00:00:00.000000000,,,No,Not Set,Press,Healthcare,Not Set,England,71517,Tonbridge and Malling,"P.O. Box 162, 7311 Pharetra, Rd.",Not Set,England,71517,Tonbridge and Malling,"P.O. Box 162, 7311 Pharetra, Rd."
6,1,1900/01/01 00:00:00.000000000,2200/01/01 00:00:00.000000000,6,Luctus Et Corp.,2020/06/26 00:00:00.000000000,,,No,Not Set,Invester,Not For Profit,Not Set,England,587443,Buckinghamshire,7847 Nascetur Road,Not Set,England,587443,Buckinghamshire,7847 Nascetur Road
7,1,1900/01/01 00:00:00.000000000,2200/01/01 00:00:00.000000000,7,Scelerisque Scelerisque Dui Industries,2020/07/02 00:00:00.000000000,,,No,Not Set,Other,Chemicals,Not Set,England,660068,North Warwickshire,388-3851 Neque Street,Not Set,England,660068,North Warwickshire,388-3851 Neque Street
8,1,1900/01/01 00:00:00.000000000,2200/01/01 00:00:00.000000000,8,Urna Nec Institute,2020/07/14 00:00:00.000000000,,,No,Not Set,Partner,Apparel,Not Set,Wales,18732,Bridgend,7673 Vitae Ave,Not Set,Wales,18732,Bridgend,7673 Vitae Ave
9,1,1900/01/01 00:00:00.000000000,2200/01/01 00:00:00.000000000,9,Id Associates,2020/06/26 00:00:00.000000000,,,No,Not Set,Partner,Enviromental,Not Set,England,66003,Merton,"P.O. Box 636, 3655 Magna. St.",Not Set,England,66003,Merton,"P.O. Box 636, 3655 Magna. St."
10,1,1900/01/01 00:00:00.000000000,2200/01/01 00:00:00.000000000,10,Posuere Vulputate Corporation,2020/07/02 00:00:00.000000000,,,No,Not Set,Customer,Media,Not Set,England,238422,Lewisham,159-4373 Quis Avenue,Not Set,England,238422,Lewisham,159-4373 Quis Avenue
11,1,1900/01/01 00:00:00.000000000,2200/01/01 00:00:00.000000000,11,Vel Turpis Institute,2020/07/02 00:00:00.000000000,,,No,Not Set,Analyst,Chemicals,Not Set,England,357145,North Dorset,Ap #878-4365 Natoque Avenue,Not Set,England,357145,North Dorset,Ap #878-4365 Natoque Avenue
12,1,1900/01/01 00:00:00.000000000,2200/01/01 00:00:00.000000000,12,Sem Corp.,2020/07/14 00:00:00.000000000,,,No,Not Set,Analyst,Media,Not Set,England,564393,Maldon,"P.O. Box 292, 4303 Odio Rd.",Not Set,England,564393,Maldon,"P.O. Box 292, 4303 Odio Rd."
13,1,1900/01/01 00:00:00.000000000,2200/01/01 00:00:00.000000000,13,Urna Convallis Erat Incorporated,2020/07/02 00:00:00.000000000,,,No,Not Set,Analyst,Transportation,Not Set,England,631841,Barrow-in-Furness,638-6966 Egestas Rd.,Not Set,England,631841,Barrow-in-Furness,638-6966 Egestas Rd.
14,1,1900/01/01 00:00:00.000000000,2200/01/01 00:00:00.000000000,14,Amet Diam Consulting,2020/06/26 00:00:00.000000000,,,No,Not Set,Competitor,Utilities,Not Set,England,881533,South Staffordshire,437-9171 Tempus Ave,Not Set,England,881533,South Staffordshire,437-9171 Tempus Ave
15,1,1900/01/01 00:00:00.000000000,2200/01/01 00:00:00.000000000,15,Dolor Fusce Feugiat Corp.,2020/07/02 00:00:00.000000000,,,No,Not Set,Competitor,Consulting,Not Set,England,575088,Cambridgeshire,5030 Lacinia Av.,Not Set,England,575088,Cambridgeshire,5030 Lacinia Av.
16,1,1900/01/01 00:00:00.000000000,2200/01/01 00:00:00.000000000,16,Turpis Vitae Purus Foundation,2020/07/02 00:00:00.000000000,,,No,Not Set,Press,Finance,Not Set,England,66745,City of London,974-7735 Dui. Ave,Not Set,England,66745,City of London,974-7735 Dui. Ave
17,1,1900/01/01 00:00:00.000000000,2200/01/01 00:00:00.000000000,17,Ligula Associates,2020/07/14 00:00:00.000000000,,,No,Not Set,Analyst,Hospitality,Not Set,England,515185,Welwyn Hatfield,794-928 In Street,Not Set,England,515185,Welwyn Hatfield,794-928 In Street
18,1,1900/01/01 00:00:00.000000000,2200/01/01 00:00:00.000000000,18,Odio Corp.,2020/06/26 00:00:00.000000000,,,No,Not Set,Invester,Utilities,Not Set,England,319596,South Tyneside,6708 Neque St.,Not Set,England,319596,South Tyneside,6708 Neque St.
19,1,1900/01/01 00:00:00.000000000,2200/01/01 00:00:00.000000000,19,Augue LLP,2020/07/02 00:00:00.000000000,,,No,Not Set,Other,Utilities,Not Set,England,07362,Tunbridge Wells,"P.O. Box 571, 5909 Eget St.",Not Set,England,07362,Tunbridge Wells,"P.O. Box 571, 5909 Eget St."
20,1,1900/01/01 00:00:00.000000000,2200/01/01 00:00:00.000000000,20,Ipsum Leo Elementum LLP,2020/07/02 00:00:00.000000000,2020/07/14 00:00:00.000000000,,No,Not Set,Invester,Telecommunications,Not Set,England,12182,North Tyneside,9417 Tincidunt Ave,Not Set,England,12182,North Tyneside,9417 Tincidunt Ave
21,1,1900/01/01 00:00:00.000000000,2200/01/01 00:00:00.000000000,21,Orci Lacus Vestibulum Inc.,2020/07/14 00:00:00.000000000,,,No,Not Set,Customer,Healthcare,Not Set,Wales,3882,Carmarthenshire,Ap #808-2549 Fringilla Street,Not Set,Wales,3882,Carmarthenshire,Ap #808-2549 Fringilla Street
22,1,1900/01/01 00:00:00.000000000,2200/01/01 00:00:00.000000000,22,Mauris Rhoncus Institute,2020/07/02 00:00:00.000000000,,,No,Not Set,Prospect,Telecommunications,Not Set,Wales,67107,Denbighshire,600-9004 Aliquam Av.,Not Set,Wales,67107,Denbighshire,600-9004 Aliquam Av.
23,1,1900/01/01 00:00:00.000000000,2200/01/01 00:00:00.000000000,23,Dapibus Gravida Company,2020/06/26 00:00:00.000000000,,,No,Not Set,Competitor,Biotechnology,Not Set,England,396756,Ashford,"P.O. Box 678, 2769 Donec Ave",Not Set,England,396756,Ashford,"P.O. Box 678, 2769 Donec Ave"
24,1,1900/01/01 00:00:00.000000000,2200/01/01 00:00:00.000000000,24,Curabitur Massa Vestibulum Consulting,2020/07/14 00:00:00.000000000,,,No,Not Set,Reseller,Media,Not Set,England,26110,Gloucestershire,7118 Eget Road,Not Set,England,26110,Gloucestershire,7118 Eget Road
25,1,1900/01/01 00:00:00.000000000,2200/01/01 00:00:00.000000000,25,Cras Vulputate Industries,2020/07/02 00:00:00.000000000,,,No,Not Set,Integrator,Enviromental,Not Set,England,9976,Lincolnshire,9495 Sed Ave,Not Set,England,9976,Lincolnshire,9495 Sed Ave
26,1,1900/01/01 00:00:00.000000000,2200/01/01 00:00:00.000000000,26,Ipsum Donec PC,2020/07/14 00:00:00.000000000,,,No,Not Set,Other,Enviromental,Not Set,England,3198 YT,Merton,Ap #607-4466 In Rd.,Not Set,England,3198 YT,Merton,Ap #607-4466 In Rd.
27,1,1900/01/01 00:00:00.000000000,2200/01/01 00:00:00.000000000,27,Scelerisque Limited,2020/06/26 00:00:00.000000000,,,No,Not Set,Analyst,Recreation,Not Set,Scotland,39570-269,Kinross-shire,553-7615 Velit. Av.,Not Set,Scotland,39570-269,Kinross-shire,553-7615 Velit. Av.
28,1,1900/01/01 00:00:00.000000000,2200/01/01 00:00:00.000000000,28,Mauris Company,2020/07/14 00:00:00.000000000,,,No,Not Set,Customer,Entertainment,Not Set,Scotland,364361,Edinburgh City,7422 Bibendum Rd.,Not Set,Scotland,364361,Edinburgh City,7422 Bibendum Rd.
29,1,1900/01/01 00:00:00.000000000,2200/01/01 00:00:00.000000000,29,Nibh Enim PC,2020/07/02 00:00:00.000000000,,,No,Not Set,Partner,Utilities,Not Set,England,1919 KU,Warwickshire,788-2779 Ac Avenue,Not Set,England,1919 KU,Warwickshire,788-2779 Ac Avenue
30,1,1900/01/01 00:00:00.000000000,2200/01/01 00:00:00.000000000,30,Ridiculus Mus LLP,2020/06/26 00:00:00.000000000,,,No,Not Set,Customer,Finance,Not Set,England,217032,Kingston upon Thames,"P.O. Box 647, 5232 Quisque Ave",Not Set,England,217032,Kingston upon Thames,"P.O. Box 647, 5232 Quisque Ave"
31,1,1900/01/01 00:00:00.000000000,2200/01/01 00:00:00.000000000,31,Mauris Eu Elit LLC,2020/07/02 00:00:00.000000000,,,No,Not Set,Competitor,Media,Not Set,Wales,14538,Sully,"P.O. Box 981, 7172 Faucibus Rd.",Not Set,Wales,14538,Sully,"P.O. Box 981, 7172 Faucibus Rd."
32,1,1900/01/01 00:00:00.000000000,2200/01/01 00:00:00.000000000,32,Adipiscing Inc.,2020/07/02 00:00:00.000000000,,,No,Not Set,Reseller,Not For Profit,Not Set,Northern Ireland,34003,Belfast,7475 Faucibus Street,Not Set,Northern Ireland,34003,Belfast,7475 Faucibus Street
33,1,1900/01/01 00:00:00.000000000,2200/01/01 00:00:00.000000000,33,Nullam Lobortis Quam Industries,2020/06/26 00:00:00.000000000,,,No,Not Set,Reseller,Consulting,Not Set,Wales,609972,Torfaen,175-4069 Quisque St.,Not Set,Wales,609972,Torfaen,175-4069 Quisque St.
34,1,1900/01/01 00:00:00.000000000,2200/01/01 00:00:00.000000000,34,Mollis Integer LLP,2020/07/14 00:00:00.000000000,,,No,Not Set,Customer,Consulting,Not Set,England,37450-87673,Derby,7328 Et Rd.,Not Set,England,37450-87673,Derby,7328 Et Rd.
35,1,1900/01/01 00:00:00.000000000,2200/01/01 00:00:00.000000000,35,Risus In Mi Foundation,2020/07/14 00:00:00.000000000,,,No,Not Set,Customer,Entertainment,Not Set,England,78814,Somerset,"P.O. Box 723, 200 Nulla Rd.",Not Set,England,78814,Somerset,"P.O. Box 723, 200 Nulla Rd."
36,1,1900/01/01 00:00:00.000000000,2200/01/01 00:00:00.000000000,36,Fames Ac Turpis Corporation,2020/07/14 00:00:00.000000000,2020/07/14 00:00:00.000000000,,No,Not Set,Analyst,Other,Not Set,England,307374,Rochford,Ap #945-4454 Facilisis Av.,Not Set,England,307374,Rochford,Ap #945-4454 Facilisis Av.
37,1,1900/01/01 00:00:00.000000000,2200/01/01 00:00:00.000000000,37,Sollicitudin Commodo Ltd,2020/07/14 00:00:00.000000000,,,No,Not Set,Customer,Biotechnology,Not Set,England,433148,Nottingham,Ap #769-4036 Arcu St.,Not Set,England,433148,Nottingham,Ap #769-4036 Arcu St.
38,1,1900/01/01 00:00:00.000000000,2200/01/01 00:00:00.000000000,38,Est Ltd,2020/07/02 00:00:00.000000000,,,No,Not Set,Customer,Hospitality,Not Set,England,661618,Harborough,1060 Nibh Ave,Not Set,England,661618,Harborough,1060 Nibh Ave
39,1,1900/01/01 00:00:00.000000000,2200/01/01 00:00:00.000000000,39,Parturient Montes PC,2020/07/02 00:00:00.000000000,,,No,Not Set,Other,Energy,Not Set,England,Z8909,Slough,"P.O. Box 488, 4472 Cum Ave",Not Set,England,Z8909,Slough,"P.O. Box 488, 4472 Cum Ave"
40,1,1900/01/01 00:00:00.000000000,2200/01/01 00:00:00.000000000,40,Fringilla Est Inc.,2020/07/14 00:00:00.000000000,,,No,Not Set,Analyst,Transportation,Not Set,England,7711 YL,Bolsover,587-8079 Lectus St.,Not Set,England,7711 YL,Bolsover,587-8079 Lectus St.
41,1,1900/01/01 00:00:00.000000000,2200/01/01 00:00:00.000000000,41,Id LLP,2020/06/26 00:00:00.000000000,,,No,Not Set,Press,Construction,Not Set,England,95603-04351,Merseyside,"7031 A, Street",Not Set,England,95603-04351,Merseyside,"7031 A, Street"
42,1,1900/01/01 00:00:00.000000000,2200/01/01 00:00:00.000000000,42,Ligula Aliquam Erat Institute,2020/07/14 00:00:00.000000000,,,No,Not Set,Integrator,Utilities,Not Set,Wales,93137,Penarth,Ap #220-1176 Et Rd.,Not Set,Wales,93137,Penarth,Ap #220-1176 Et Rd.
43,1,1900/01/01 00:00:00.000000000,2200/01/01 00:00:00.000000000,43,Eget Institute,2020/07/14 00:00:00.000000000,,,No,Not Set,Partner,Telecommunications,Not Set,Scotland,24537,Perthshire,"P.O. Box 355, 3991 Curae St.",Not Set,Scotland,24537,Perthshire,"P.O. Box 355, 3991 Curae St."
44,1,1900/01/01 00:00:00.000000000,2200/01/01 00:00:00.000000000,44,Molestie Orci Tincidunt Limited,2020/06/26 00:00:00.000000000,,,No,Not Set,Analyst,Hospitality,Not Set,England,69520,Broxtowe,"Ap #590-4500 A, St.",Not Set,England,69520,Broxtowe,"Ap #590-4500 A, St."
45,1,1900/01/01 00:00:00.000000000,2200/01/01 00:00:00.000000000,45,Justo Consulting,2020/06/26 00:00:00.000000000,,,No,Not Set,Partner,Not For Profit,Not Set,England,25732,Staffordshire,"569-3479 Ac, Ave",Not Set,England,25732,Staffordshire,"569-3479 Ac, Ave"
46,1,1900/01/01 00:00:00.000000000,2200/01/01 00:00:00.000000000,46,Et Eros Proin Company,2020/07/02 00:00:00.000000000,,,No,Not Set,Press,Banking,Not Set,England,49687,Kent,8305 Aliquet Street,Not Set,England,49687,Kent,8305 Aliquet Street
47,1,1900/01/01 00:00:00.000000000,2200/01/01 00:00:00.000000000,47,A Arcu Institute,2020/06/26 00:00:00.000000000,,,No,Not Set,Press,Other,Not Set,England,991743,North Tyneside,"P.O. Box 847, 6084 Arcu St.",Not Set,England,991743,North Tyneside,"P.O. Box 847, 6084 Arcu St."
48,1,1900/01/01 00:00:00.000000000,2200/01/01 00:00:00.000000000,48,Facilisis Vitae Inc.,2020/07/14 00:00:00.000000000,,,No,Not Set,Invester,Machinery,Not Set,England,806141,East Hertfordshire,"P.O. Box 461, 9531 Imperdiet, Rd.",Not Set,England,806141,East Hertfordshire,"P.O. Box 461, 9531 Imperdiet, Rd."
49,1,1900/01/01 00:00:00.000000000,2200/01/01 00:00:00.000000000,49,Lectus Incorporated,2020/07/02 00:00:00.000000000,,,No,Not Set,Prospect,Utilities,Not Set,England,53386-714,Reading,"P.O. Box 769, 9057 Quisque Avenue",Not Set,England,53386-714,Reading,"P.O. Box 769, 9057 Quisque Avenue"
50,1,1900/01/01 00:00:00.000000000,2200/01/01 00:00:00.000000000,50,Vestibulum Massa Consulting,2020/06/26 00:00:00.000000000,,,No,Not Set,Analyst,Shipping,Not Set,Scotland,89950,East Dunbartonshire,284-9632 Ligula. St.,Not Set,Scotland,89950,East Dunbartonshire,284-9632 Ligula. St.
51,1,1900/01/01 00:00:00.000000000,2200/01/01 00:00:00.000000000,51,Sociis Natoque LLC,2020/07/14 00:00:00.000000000,,,No,Not Set,Invester,Manufacturing,Not Set,England,V6K 1B1,Cornwall,3032 Purus Ave,Not Set,England,V6K 1B1,Cornwall,3032 Purus Ave
52,1,1900/01/01 00:00:00.000000000,2200/01/01 00:00:00.000000000,52,Gravida Sagittis LLP,2020/06/26 00:00:00.000000000,,,No,Not Set,Partner,Shipping,Not Set,England,482230,Greater London,4500 Nec St.,Not Set,England,482230,Greater London,4500 Nec St.
53,1,1900/01/01 00:00:00.000000000,2200/01/01 00:00:00.000000000,53,Fringilla Porttitor Vulputate Foundation,2020/07/14 00:00:00.000000000,,,No,Not Set,Customer,Recreation,Not Set,Wales,4687,Hengoed,123-2002 Magna. Rd.,Not Set,Wales,4687,Hengoed,123-2002 Magna. Rd.
54,1,1900/01/01 00:00:00.000000000,2200/01/01 00:00:00.000000000,54,Nascetur Ridiculus Mus Institute,2020/07/14 00:00:00.000000000,,,No,Not Set,Analyst,Insurance,Not Set,England,12114,City of London,"P.O. Box 393, 2748 In Avenue",Not Set,England,12114,City of London,"P.O. Box 393, 2748 In Avenue"
55,1,1900/01/01 00:00:00.000000000,2200/01/01 00:00:00.000000000,55,Odio Aliquam Vulputate Corp.,2020/07/14 00:00:00.000000000,,,No,Not Set,Other,Utilities,Not Set,England,67454-363,Warwickshire,889-2394 Arcu Rd.,Not Set,England,67454-363,Warwickshire,889-2394 Arcu Rd.
56,1,1900/01/01 00:00:00.000000000,2200/01/01 00:00:00.000000000,56,Porttitor Tellus Non PC,2020/07/02 00:00:00.000000000,,,No,Not Set,Press,Utilities,Not Set,England,B8B 3E7,Great Yarmouth,7531 Blandit Rd.,Not Set,England,B8B 3E7,Great Yarmouth,7531 Blandit Rd.
57,1,1900/01/01 00:00:00.000000000,2200/01/01 00:00:00.000000000,57,Hendrerit Corp.,2020/06/26 00:00:00.000000000,,,No,Not Set,Integrator,Machinery,Not Set,England,A8S 9LF,Hyndburn,"288-457 Elit, Rd.",Not Set,England,A8S 9LF,Hyndburn,"288-457 Elit, Rd."
58,1,1900/01/01 00:00:00.000000000,2200/01/01 00:00:00.000000000,58,Sed LLC,2020/06/26 00:00:00.000000000,2020/07/14 00:00:00.000000000,,No,Not Set,Prospect,Machinery,Not Set,England,0615,South Tyneside,"P.O. Box 560, 1862 Sodales St.",Not Set,England,0615,South Tyneside,"P.O. Box 560, 1862 Sodales St."
59,1,1900/01/01 00:00:00.000000000,2200/01/01 00:00:00.000000000,59,Tempor Ltd,2020/06/26 00:00:00.000000000,2020/07/14 00:00:00.000000000,,No,Not Set,Other,Banking,Not Set,England,8880,Pendle,3888 Arcu Street,Not Set,England,8880,Pendle,3888 Arcu Street
60,1,1900/01/01 00:00:00.000000000,2200/01/01 00:00:00.000000000,60,Enim Mauris Quis LLP,2020/06/26 00:00:00.000000000,2020/07/14 00:00:00.000000000,,No,Not Set,Competitor,Apparel,Not Set,England,33386,Tamworth,"383-5355 Ullamcorper, Avenue",Not Set,England,33386,Tamworth,"383-5355 Ullamcorper, Avenue"
61,1,1900/01/01 00:00:00.000000000,2200/01/01 00:00:00.000000000,61,Pellentesque A Facilisis Associates,2020/06/26 00:00:00.000000000,,,No,Not Set,Customer,Communications,Not Set,England,114649,Charnwood,"P.O. Box 412, 3027 Diam Ave",Not Set,England,114649,Charnwood,"P.O. Box 412, 3027 Diam Ave"
62,1,1900/01/01 00:00:00.000000000,2200/01/01 00:00:00.000000000,62,Pede Ultrices A LLC,2020/06/26 00:00:00.000000000,,,No,Not Set,Press,Other,Not Set,England,279216,Oxfordshire,882-1163 In Rd.,Not Set,England,279216,Oxfordshire,882-1163 In Rd.
63,1,1900/01/01 00:00:00.000000000,2200/01/01 00:00:00.000000000,63,Ante Ipsum Primis Consulting,2020/07/14 00:00:00.000000000,,,No,Not Set,Other,Communications,Not Set,England,42644,Calderdale,"129-8222 Vitae, St.",Not Set,England,42644,Calderdale,"129-8222 Vitae, St."
64,1,1900/01/01 00:00:00.000000000,2200/01/01 00:00:00.000000000,64,Ante Ipsum Incorporated,2020/06/26 00:00:00.000000000,,,No,Not Set,Analyst,Recreation,Not Set,Scotland,85210-877,Kirkcudbrightshire,436-9852 Nullam Street,Not Set,Scotland,85210-877,Kirkcudbrightshire,436-9852 Nullam Street
65,1,1900/01/01 00:00:00.000000000,2200/01/01 00:00:00.000000000,65,Sociosqu Ad Company,2020/06/26 00:00:00.000000000,,,No,Not Set,Prospect,Retail,Not Set,England,36964,Eden,"P.O. Box 777, 9447 Ac Rd.",Not Set,England,36964,Eden,"P.O. Box 777, 9447 Ac Rd."
66,1,1900/01/01 00:00:00.000000000,2200/01/01 00:00:00.000000000,66,Libero Donec Consectetuer LLP,2020/06/26 00:00:00.000000000,,,No,Not Set,Partner,Communications,Not Set,Scotland,785039,Kinross-shire,2723 Aliquet St.,Not Set,Scotland,785039,Kinross-shire,2723 Aliquet St.
67,1,1900/01/01 00:00:00.000000000,2200/01/01 00:00:00.000000000,67,Erat Etiam Vestibulum Associates,2020/07/02 00:00:00.000000000,,,No,Not Set,Other,Insurance,Not Set,England,252936,Leicester,Ap #337-9255 Ultricies Road,Not Set,England,252936,Leicester,Ap #337-9255 Ultricies Road
68,1,1900/01/01 00:00:00.000000000,2200/01/01 00:00:00.000000000,68,In Tempus Eu Industries,2020/07/02 00:00:00.000000000,,,No,Not Set,Invester,Technology,Not Set,Scotland,Z3771,Kinross-shire,"P.O. Box 584, 5033 Ipsum St.",Not Set,Scotland,Z3771,Kinross-shire,"P.O. Box 584, 5033 Ipsum St."
69,1,1900/01/01 00:00:00.000000000,2200/01/01 00:00:00.000000000,69,Sed Est Foundation,2020/07/14 00:00:00.000000000,,,No,Not Set,Competitor,Apparel,Not Set,England,488683,Maldon,"P.O. Box 110, 6157 Magna. St.",Not Set,England,488683,Maldon,"P.O. Box 110, 6157 Magna. St."
70,1,1900/01/01 00:00:00.000000000,2200/01/01 00:00:00.000000000,70,Ac Nulla LLP,2020/07/14 00:00:00.000000000,2020/07/14 00:00:00.000000000,,No,Not Set,Analyst,Shipping,Not Set,England,0093 XW,Rushcliffe,"P.O. Box 521, 4783 Nisi St.",Not Set,England,0093 XW,Rushcliffe,"P.O. Box 521, 4783 Nisi St."
71,1,1900/01/01 00:00:00.000000000,2200/01/01 00:00:00.000000000,71,Lacus Varius Company,2020/07/02 00:00:00.000000000,,,No,Not Set,Competitor,Government,Not Set,Wales,97341-175,Porth,Ap #213-7420 Sed Rd.,Not Set,Wales,97341-175,Porth,Ap #213-7420 Sed Rd.
72,1,1900/01/01 00:00:00.000000000,2200/01/01 00:00:00.000000000,72,Placerat Foundation,2020/06/26 00:00:00.000000000,,,No,Not Set,Invester,Energy,Not Set,England,023446,Sefton,"P.O. Box 290, 9939 At Road",Not Set,England,023446,Sefton,"P.O. Box 290, 9939 At Road"
73,1,1900/01/01 00:00:00.000000000,2200/01/01 00:00:00.000000000,73,Et Corp.,2020/06/26 00:00:00.000000000,,,No,Not Set,Competitor,Chemicals,Not Set,England,26469,Rother,Ap #655-9798 Et Ave,Not Set,England,26469,Rother,Ap #655-9798 Et Ave
74,1,1900/01/01 00:00:00.000000000,2200/01/01 00:00:00.000000000,74,Curabitur Vel Institute,2020/06/26 00:00:00.000000000,,,No,Not Set,Integrator,Insurance,Not Set,Scotland,36090,The Scottish Borders,9272 Diam Street,Not Set,Scotland,36090,The Scottish Borders,9272 Diam Street
75,1,1900/01/01 00:00:00.000000000,2200/01/01 00:00:00.000000000,75,Purus Maecenas Ltd,2020/06/26 00:00:00.000000000,,,No,Not Set,Customer,Energy,Not Set,Northern Ireland,742845,Ards,"999-645 Id, Ave",Not Set,Northern Ireland,742845,Ards,"999-645 Id, Ave"
76,1,1900/01/01 00:00:00.000000000,2200/01/01 00:00:00.000000000,76,Auctor Non Feugiat Ltd,2020/06/26 00:00:00.000000000,,,No,Not Set,Partner,Communications,Not Set,England,Z8099,South Oxfordshire,"P.O. Box 518, 601 Vel, Ave",Not Set,England,Z8099,South Oxfordshire,"P.O. Box 518, 601 Vel, Ave"
77,1,1900/01/01 00:00:00.000000000,2200/01/01 00:00:00.000000000,77,Et Limited,2020/07/02 00:00:00.000000000,,,No,Not Set,Reseller,Not For Profit,Not Set,Northern Ireland,12656,Newry and Mourne,5504 Sit Avenue,Not Set,Northern Ireland,12656,Newry and Mourne,5504 Sit Avenue
78,1,1900/01/01 00:00:00.000000000,2200/01/01 00:00:00.000000000,78,Felis Company,2020/07/02 00:00:00.000000000,2020/07/14 00:00:00.000000000,,No,Not Set,Reseller,Chemicals,Not Set,England,6513 RD,Coventry,317 Lacus. Road,Not Set,England,6513 RD,Coventry,317 Lacus. Road
79,1,1900/01/01 00:00:00.000000000,2200/01/01 00:00:00.000000000,79,Eu Odio Corporation,2020/06/26 00:00:00.000000000,2020/07/14 00:00:00.000000000,,No,Not Set,Prospect,Finance,Not Set,England,6452,County Durham,Ap #126-3173 Gravida Rd.,Not Set,England,6452,County Durham,Ap #126-3173 Gravida Rd.
80,1,1900/01/01 00:00:00.000000000,2200/01/01 00:00:00.000000000,80,Facilisi Sed Inc.,2020/07/02 00:00:00.000000000,,,No,Not Set,Other,Biotechnology,Not Set,England,94226,Kingston upon Hull,Ap #670-7527 Nulla Street,Not Set,England,94226,Kingston upon Hull,Ap #670-7527 Nulla Street
81,1,1900/01/01 00:00:00.000000000,2200/01/01 00:00:00.000000000,81,At Sem Molestie Ltd,2020/06/26 00:00:00.000000000,,,No,Not Set,Competitor,Enviromental,Not Set,Northern Ireland,92069,Coleraine,8077 Elementum Street,Not Set,Northern Ireland,92069,Coleraine,8077 Elementum Street
82,1,1900/01/01 00:00:00.000000000,2200/01/01 00:00:00.000000000,82,Ante Ipsum Primis Associates,2020/06/26 00:00:00.000000000,,,No,Not Set,Partner,Apparel,Not Set,Wales,9988,Porth,365-5172 Ut St.,Not Set,Wales,9988,Porth,365-5172 Ut St.
83,1,1900/01/01 00:00:00.000000000,2200/01/01 00:00:00.000000000,83,Dictum Magna Ut LLC,2020/06/26 00:00:00.000000000,,,No,Not Set,Press,Telecommunications,Not Set,England,47313,Brighton and Hove,"P.O. Box 973, 815 A Rd.",Not Set,England,47313,Brighton and Hove,"P.O. Box 973, 815 A Rd."
84,1,1900/01/01 00:00:00.000000000,2200/01/01 00:00:00.000000000,84,Bibendum Fermentum Metus Corporation,2020/07/02 00:00:00.000000000,,,No,Not Set,Competitor,Machinery,Not Set,Northern Ireland,967278,Antrim,Ap #845-7217 Consectetuer St.,Not Set,Northern Ireland,967278,Antrim,Ap #845-7217 Consectetuer St.
85,1,1900/01/01 00:00:00.000000000,2200/01/01 00:00:00.000000000,85,Nisl Sem LLC,2020/07/14 00:00:00.000000000,,,No,Not Set,Customer,Telecommunications,Not Set,England,614719,Christchurch,156-2904 Consequat Road,Not Set,England,614719,Christchurch,156-2904 Consequat Road
86,1,1900/01/01 00:00:00.000000000,2200/01/01 00:00:00.000000000,86,Scelerisque Lorem Inc.,2020/07/02 00:00:00.000000000,,,No,Not Set,Partner,Apparel,Not Set,England,75058,Kirklees,706-573 Ornare Rd.,Not Set,England,75058,Kirklees,706-573 Ornare Rd.
87,1,1900/01/01 00:00:00.000000000,2200/01/01 00:00:00.000000000,87,Ornare Sagittis LLC,2020/06/26 00:00:00.000000000,,,No,Not Set,Prospect,Telecommunications,Not Set,Wales,6508,Llantwit Major,240-8059 Odio. St.,Not Set,Wales,6508,Llantwit Major,240-8059 Odio. St.
88,1,1900/01/01 00:00:00.000000000,2200/01/01 00:00:00.000000000,88,Lectus Rutrum LLP,2020/07/14 00:00:00.000000000,,,No,Not Set,Other,Transportation,Not Set,England,9678,Suffolk,"7858 Eget, St.",Not Set,England,9678,Suffolk,"7858 Eget, St."
89,1,1900/01/01 00:00:00.000000000,2200/01/01 00:00:00.000000000,89,Pellentesque Ut LLC,2020/06/26 00:00:00.000000000,,,No,Not Set,Reseller,Entertainment,Not Set,Wales,51305,Ferndale,9151 Eu Rd.,Not Set,Wales,51305,Ferndale,9151 Eu Rd.
90,1,1900/01/01 00:00:00.000000000,2200/01/01 00:00:00.000000000,90,Vestibulum Nec LLC,2020/06/26 00:00:00.000000000,,,No,Not Set,Analyst,Not For Profit,Not Set,England,791153,Carlisle,"P.O. Box 656, 8060 Adipiscing Ave",Not Set,England,791153,Carlisle,"P.O. Box 656, 8060 Adipiscing Ave"
91,1,1900/01/01 00:00:00.000000000,2200/01/01 00:00:00.000000000,91,Velit Ltd,2020/06/26 00:00:00.000000000,,,No,Not Set,Invester,Chemicals,Not Set,England,06288,Waltham Forest,253-594 Elit Street,Not Set,England,06288,Waltham Forest,253-594 Elit Street
92,1,1900/01/01 00:00:00.000000000,2200/01/01 00:00:00.000000000,92,Velit Dui Semper Institute,2020/07/02 00:00:00.000000000,,,No,Not Set,Other,Chemicals,Not Set,Scotland,816416,The Scottish Borders,584-962 Amet Avenue,Not Set,Scotland,816416,The Scottish Borders,584-962 Amet Avenue
93,1,1900/01/01 00:00:00.000000000,2200/01/01 00:00:00.000000000,93,Sed Tortor Integer Inc.,2020/07/02 00:00:00.000000000,,,No,Not Set,Invester,Hospitality,Not Set,England,WS1Y 8IV,Lancaster,157-3835 Proin Rd.,Not Set,England,WS1Y 8IV,Lancaster,157-3835 Proin Rd.
94,1,1900/01/01 00:00:00.000000000,2200/01/01 00:00:00.000000000,94,Donec Nibh Enim Industries,2020/07/02 00:00:00.000000000,,,No,Not Set,Analyst,Biotechnology,Not Set,England,55077,Northampton,"P.O. Box 748, 8211 Sem Av.",Not Set,England,55077,Northampton,"P.O. Box 748, 8211 Sem Av."
95,1,1900/01/01 00:00:00.000000000,2200/01/01 00:00:00.000000000,95,Primis In Faucibus LLP,2020/07/02 00:00:00.000000000,,,No,Not Set,Analyst,Not For Profit,Not Set,England,95967,Northamptonshire,Ap #454-8873 Tempor St.,Not Set,England,95967,Northamptonshire,Ap #454-8873 Tempor St.
96,1,1900/01/01 00:00:00.000000000,2200/01/01 00:00:00.000000000,96,Pellentesque PC,2020/07/14 00:00:00.000000000,,,No,Not Set,Prospect,Chemicals,Not Set,England,1284,Rochdale,438-5239 Nulla Rd.,Not Set,England,1284,Rochdale,438-5239 Nulla Rd.
97,1,1900/01/01 00:00:00.000000000,2200/01/01 00:00:00.000000000,97,Dignissim Lacus Institute,2020/06/26 00:00:00.000000000,,,No,Not Set,Integrator,Other,Not Set,Scotland,38212-122,Berwickshire,535-3026 Ipsum Ave,Not Set,Scotland,38212-122,Berwickshire,535-3026 Ipsum Ave
98,1,1900/01/01 00:00:00.000000000,2200/01/01 00:00:00.000000000,98,Lobortis Company,2020/07/02 00:00:00.000000000,,,No,Not Set,Analyst,Consulting,Not Set,England,80815,Mansfield,"8669 Placerat, Rd.",Not Set,England,80815,Mansfield,"8669 Placerat, Rd."
99,1,1900/01/01 00:00:00.000000000,2200/01/01 00:00:00.000000000,99,Orci Incorporated,2020/06/26 00:00:00.000000000,,,No,Not Set,Integrator,Finance,Not Set,England,49029,City of Bristol,410-5718 Amet St.,Not Set,England,49029,City of Bristol,410-5718 Amet St.
100,1,1900/01/01 00:00:00.000000000,2200/01/01 00:00:00.000000000,100,Ac Feugiat Non Incorporated,2020/07/02 00:00:00.000000000,,,No,Not Set,Partner,Banking,Not Set,England,4616 ZD,Harborough,"P.O. Box 552, 9217 Sodales. Street",Not Set,England,4616 ZD,Harborough,"P.O. Box 552, 9217 Sodales. Street"
